10:06:38.551371,49.96
10:06:42.793768,49.95
10:06:42.951116,49.96
10:06:43.253709,49.95
10:06:43.380043,49.96
10:06:55.840874,49.95
10:06:55.977564,49.96
10:06:56.286407,49.95
10:06:57.041012,49.96
10:06:57.354218,49.95
10:06:57.799934,49.96
10:06:58.096043,49.95
10:06:58.240042,49.96
10:06:59.440024,49.95
10:06:59.588873,49.96
10:07:00.187438,49.95
10:07:00.343086,49.96
10:07:00.492585,49.95
10:07:00.640272,49.96
10:07:00.792771,49.95
10:07:00.954566,49.96
10:07:01.098588,49.95
10:07:05.151686,49.96
10:07:05.284627,49.95
10:07:05.443523,49.96
10:07:05.745337,49.95
10:07:11.444273,49.94
10:07:11.593445,49.95
10:07:11.737468,49.94
10:07:12.041347,49.95
10:07:14.743131,49.94
10:07:14.902511,49.95
10:07:15.330810,49.94
10:07:15.946717,49.95
10:07:18.177366,49.96
10:07:19.237512,49.95
10:07:19.552956,49.96
10:07:19.693794,49.95
10:07:19.839619,49.96
10:07:24.349195,49.95
10:07:24.638191,49.96
10:07:24.800347,49.95
10:07:24.946320,49.96
10:07:25.090069,49.95
10:07:25.375901,49.96
10:07:25.849679,49.95
10:07:25.991673,49.96
10:07:26.155973,49.95
10:07:26.292649,49.96
10:07:28.840662,49.95
10:07:28.988214,49.96
10:07:29.150079,49.95
10:07:30.793155,49.96
10:07:32.305030,49.95
10:07:32.598625,49.96
10:07:33.484390,49.95
10:07:33.649783,49.96
10:07:33.793332,49.95
10:07:33.939725,49.96
10:07:34.403342,49.95
10:07:34.542806,49.96
10:07:48.802699,49.97
10:07:50.601946,49.96
10:07:50.745545,49.97
10:07:59.599436,49.98
10:08:03.805326,49.97
10:08:03.948260,49.98
10:08:04.108725,49.97
10:08:05.743418,49.98
10:08:05.904509,49.97
10:08:06.047010,49.98
10:08:06.347676,49.97
10:08:06.936515,49.98
10:08:07.096647,49.97
10:08:09.947555,49.98
10:08:21.330624,49.97
10:08:21.479130,49.98
10:08:21.627977,49.97
10:08:26.281118,49.98
10:08:26.429666,49.97
10:08:35.000449,49.98
10:08:35.600552,49.97
10:08:35.748144,49.98
10:08:36.350728,49.97
10:08:40.091910,49.98
10:08:40.856000,49.97
10:08:40.992101,49.98
10:08:41.452769,49.97
10:08:41.605514,49.98
10:08:53.899967,49.99
10:08:54.341072,49.98
10:08:55.089999,49.99
10:08:55.251785,49.98
10:08:57.790816,49.99
10:09:01.680253,50.00
10:09:03.949445,50.01
10:09:04.092186,50.00
10:09:04.699558,50.01
10:09:04.842829,50.00
10:09:05.002587,50.01
10:09:12.487146,50.00
10:09:13.987363,50.01
10:09:14.289881,50.00
10:09:15.052320,50.01
10:09:15.499662,50.00
10:09:15.643007,50.01
10:09:15.804801,50.00
10:09:15.945213,50.01
10:09:16.392072,50.00
10:09:16.692845,50.01
10:09:19.244518,50.00
10:09:25.097019,49.99
10:09:25.701810,50.00
10:09:25.845952,49.99
10:09:25.988840,50.00
10:09:26.292534,49.99
10:09:26.436131,50.00
10:09:29.751040,49.99
10:09:29.893729,50.00
10:09:30.053075,49.99
10:09:35.444238,49.98
10:09:35.588127,49.99
10:09:35.902459,49.98
10:09:36.046555,49.99
10:09:36.189641,49.98
10:09:36.348809,49.99
10:09:36.652237,49.98
10:09:36.939956,49.99
10:09:37.231918,49.98
10:09:37.842195,49.99
10:09:37.998635,49.98
10:09:38.275838,49.99
10:09:38.443207,49.98
10:09:38.598053,49.99
10:09:38.744163,49.98
10:09:38.898790,49.99
10:09:45.798094,50.00
10:09:49.248661,49.99
10:09:49.383761,50.00
10:09:49.541091,49.99
10:09:49.980967,50.00
10:09:50.442029,49.99
10:09:50.588874,50.00
10:09:58.237893,50.01
10:09:58.401282,50.00
10:09:58.549133,50.01
10:09:58.698609,50.00
10:10:04.394402,49.99
10:10:04.993230,50.00
10:10:05.151858,49.99
10:10:05.446103,50.00
10:10:05.578978,49.99
10:10:07.396558,50.00
10:10:12.059007,50.01
10:10:12.200827,50.00
10:10:12.343605,50.01
10:10:15.638886,50.02
10:10:15.798764,50.01
10:10:15.941831,50.02
10:10:27.801421,50.01
10:10:28.838977,50.02
10:10:28.993886,50.01
10:10:29.147923,50.02
10:10:29.260087,50.01
10:10:29.597878,50.02
10:10:33.203330,50.01
10:10:33.643040,50.02
10:10:33.806218,50.01
10:10:34.249006,50.02
10:10:34.402357,50.01
10:10:34.696168,50.02
10:10:45.043513,50.03
10:10:45.193735,50.02
10:10:46.093373,50.03
10:10:46.240469,50.02
10:10:51.352480,50.01
10:10:57.053148,50.00
10:10:57.498596,50.01
10:11:01.848299,50.00
10:11:01.998405,50.01
10:11:05.292798,50.00
10:11:10.100356,50.01
10:11:10.545599,50.00
10:11:10.853287,50.01
10:11:10.996842,50.00
10:11:11.148869,50.01
10:11:11.288512,50.00
10:11:11.744138,50.01
10:11:19.692083,50.00
10:11:19.999686,50.01
10:11:20.149390,50.00
10:11:26.603387,50.01
10:11:46.398765,50.02
10:11:46.553990,50.01
10:11:46.843591,50.02
10:11:46.986997,50.01
10:11:47.885650,50.02
10:11:48.035913,50.01
10:11:51.176959,50.02
10:11:51.501957,50.01
10:11:51.643209,50.02
10:12:00.053368,50.03
10:12:00.198841,50.02
10:12:00.332819,50.03
10:12:00.505028,50.02
10:12:02.569083,50.01
10:12:17.896019,50.02
10:12:18.196828,50.01
10:12:18.340241,50.02
10:12:26.150831,50.01
10:12:27.205931,50.02
10:12:27.330596,50.01
10:12:27.932365,50.02
10:12:28.084121,50.01
10:12:28.995902,50.02
10:12:29.137628,50.01
10:12:29.285708,50.02
10:12:30.192826,50.01
10:12:30.346976,50.02
10:12:30.640640,50.01
10:12:31.991494,50.02
10:12:32.132870,50.01
10:12:32.429536,50.02
10:12:35.730339,50.01
10:12:35.881827,50.02
10:12:47.147916,50.01
10:12:58.830174,50.02
10:12:58.996761,50.01
10:12:59.891863,50.02
10:13:05.298927,50.03
10:13:05.442082,50.02
10:13:05.739827,50.03
10:13:06.197597,50.02
10:13:06.341636,50.03
10:13:06.500962,50.02
10:13:06.644279,50.03
10:13:07.096945,50.02
10:13:14.754425,50.01
10:13:14.899373,50.02
10:13:15.193058,50.01
10:13:18.774847,50.00
10:13:18.948811,50.01
10:13:19.240532,50.00
10:13:19.550217,50.01
10:13:20.140563,50.00
10:13:26.897493,49.99
10:13:45.498119,50.00
10:13:45.641923,49.99
10:13:45.800496,50.00
10:13:48.495498,50.01
10:13:49.101220,50.00
10:13:49.243151,50.01
10:13:49.402365,50.00
10:13:49.546114,50.01
10:13:55.397933,50.00
10:13:55.541665,50.01
10:13:56.455025,50.00
10:13:56.598966,50.01
10:13:57.346304,50.00
10:14:00.202500,50.01
10:14:00.345716,50.00
10:14:00.633008,50.01
10:14:00.792621,50.00
10:14:00.951745,50.01
10:14:01.094897,50.00
10:14:03.201855,50.01
10:14:03.343614,50.00
10:14:03.643325,50.01
10:14:03.942737,50.00
10:14:04.081049,50.01
10:14:04.240869,50.00
10:14:04.554586,50.01
10:14:04.999888,50.00
10:14:05.600404,50.01
10:14:05.743059,50.00
10:14:09.338650,50.01
10:14:10.399530,50.00
10:14:10.542577,50.01
10:14:11.442420,50.00
10:14:14.743670,50.01
10:14:14.902685,50.00
10:14:15.038766,50.01
10:14:15.198404,50.00
10:14:18.339667,50.01
10:14:19.690003,50.00
10:14:25.535556,49.99
10:14:25.695198,50.00
10:14:30.329686,49.99
10:14:30.794644,50.00
10:14:32.900113,49.99
10:14:34.546851,49.98
10:14:35.000877,49.99
10:14:35.140341,49.98
10:14:37.539138,49.97
10:14:56.441714,49.98
10:14:57.355037,49.97
10:14:57.491511,49.98
10:14:58.393283,49.97
10:15:00.797625,49.98
10:15:00.952077,49.97
10:15:01.096246,49.98
10:15:01.239903,49.97
10:15:01.390000,49.98
10:15:01.541416,49.97
10:15:01.685916,49.98
10:15:04.203028,49.97
10:15:04.819964,49.98
10:15:05.738759,49.97
10:15:05.884798,49.98
10:15:06.040436,49.97
10:15:08.588106,49.98
10:15:08.748083,49.97
10:15:08.892182,49.98
10:15:19.848282,49.97
10:15:20.148272,49.98
10:15:20.289867,49.97
10:15:20.752822,49.98
10:15:20.896518,49.97
10:15:25.086045,49.98
10:15:25.389015,49.97
10:15:25.691672,49.98
10:15:25.851364,49.97
10:15:25.995601,49.98
10:15:26.139292,49.97
10:15:26.302407,49.98
10:15:27.350413,49.97
10:15:28.243548,49.98
10:15:28.387237,49.97
10:15:28.544447,49.98
10:15:31.237811,49.97
10:15:34.859126,49.96
10:15:34.998223,49.97
10:15:35.141648,49.96
10:15:36.337884,49.95
10:15:38.888924,49.94
10:15:39.048672,49.95
10:15:39.350570,49.94
10:15:41.438525,49.93
10:15:41.742480,49.94
10:15:42.333043,49.93
10:15:43.688403,49.94
10:15:45.648747,49.93
10:15:45.791726,49.94
10:15:52.990707,49.95
10:15:54.200856,49.94
10:15:56.452420,49.95
10:15:56.591222,49.94
10:15:56.753195,49.95
10:16:01.545152,49.94
10:16:01.689378,49.95
10:16:02.439760,49.94
10:16:02.586123,49.95
10:16:02.741434,49.94
10:16:41.902260,49.93
10:16:47.593033,49.92
10:16:47.897053,49.93
10:16:50.000026,49.94
10:16:52.694755,49.95
10:16:52.853994,49.94
10:16:53.731628,49.95
10:16:53.887675,49.94
10:16:54.047719,49.95
10:16:54.350572,49.94
10:16:55.690535,49.95
10:17:17.892617,49.96
10:17:18.499751,49.95
10:17:18.627633,49.96
10:17:18.755613,49.95
10:17:19.075655,49.96
10:17:19.266052,49.95
10:17:19.535150,49.96
10:17:19.678955,49.95
10:17:21.037347,49.96
10:17:21.197405,49.95
10:17:21.945186,49.96
10:17:22.550718,49.95
10:17:22.694895,49.96
10:17:22.838950,49.95
10:17:22.998280,49.96
10:17:31.843459,49.97
10:17:31.987124,49.96
10:17:32.147027,49.97
10:17:32.446957,49.96
10:17:32.590078,49.97
10:17:32.749649,49.96
10:17:33.501798,49.97
10:17:33.645637,49.96
10:17:34.536966,49.97
10:17:51.645490,49.96
10:17:51.789010,49.97
10:17:54.945579,49.96
10:18:03.649285,49.95
10:18:04.100229,49.96
10:18:04.231649,49.95
10:18:04.400735,49.96
10:18:04.539066,49.95
10:18:04.703982,49.96
10:18:04.841157,49.95
10:18:05.002548,49.96
10:18:07.548981,49.97
10:18:07.837248,49.96
10:18:09.049329,49.97
10:18:25.405059,49.96
10:18:25.530989,49.97
10:18:26.595016,49.96
10:18:27.041303,49.97
10:18:27.653661,49.96
10:18:27.790070,49.97
10:18:28.541083,49.96
10:18:28.701118,49.97
10:18:28.988290,49.96
10:18:30.352171,49.97
10:18:30.491791,49.96
10:18:30.645940,49.97
10:18:31.093994,49.96
10:18:31.402138,49.97
10:18:31.553576,49.96
10:18:31.850515,49.97
10:18:31.982050,49.96
10:18:32.157353,49.97
10:18:32.296884,49.96
10:18:32.899023,49.97
10:18:33.056103,49.96
10:18:47.437457,49.97
10:18:55.988790,49.96
10:18:56.147104,49.97
10:18:56.290686,49.96
10:19:16.387736,49.95
10:19:18.796109,49.96
10:19:18.933971,49.95
10:19:19.094673,49.96
10:19:21.341884,49.95
10:19:21.485647,49.96
10:19:21.633355,49.95
10:19:22.841072,49.96
10:19:22.974037,49.95
10:19:23.144635,49.96
10:19:28.847856,49.97
10:19:28.990912,49.96
10:19:39.037217,49.97
10:19:39.200698,49.96
10:19:39.482204,49.97
10:19:39.635981,49.96
10:19:39.806994,49.97
10:19:45.049792,49.98
10:19:45.177143,49.97
10:19:45.335614,49.98
10:19:45.494979,49.97
10:19:47.144820,49.98
10:19:47.287652,49.97
10:19:47.587898,49.98
10:19:53.131047,49.99
10:19:55.524770,49.98
10:19:55.695330,49.99
10:19:55.837967,49.98
10:19:56.000961,49.99
10:19:56.296823,49.98
10:19:56.742473,49.99
10:19:58.248838,49.98
10:19:58.395784,49.99
10:20:00.349195,49.98
10:20:00.495854,49.99
10:20:00.635868,49.98
10:20:01.079293,49.99
10:20:03.489578,49.98
10:20:10.264782,49.99
10:20:18.049245,49.98
10:20:20.288441,49.99
10:20:20.448780,49.98
10:20:24.344536,49.99
10:20:24.476686,49.98
10:20:24.646285,49.99
10:20:25.390314,49.98
10:20:26.897324,49.99
10:20:31.837856,50.00
10:20:36.479347,49.99
10:20:36.781296,50.00
10:20:37.097981,49.99
10:20:37.222639,50.00
10:20:37.379122,49.99
10:20:38.129205,50.00
10:20:38.300152,49.99
10:20:39.056230,50.00
10:20:39.500740,49.99
10:20:39.642675,50.00
10:20:39.775427,49.99
10:20:43.535530,49.98
10:20:46.992086,49.97
10:20:47.293774,49.98
10:20:47.439627,49.97
10:20:54.050899,49.98
10:20:54.800996,49.97
10:21:01.097878,49.96
10:21:01.240179,49.97
10:21:01.399837,49.96
10:21:07.980270,49.97
10:21:17.129165,49.98
10:21:17.302413,49.97
10:21:17.430854,49.98
10:21:18.350452,49.97
10:21:24.629016,49.96
10:21:24.799464,49.97
10:21:25.689798,49.96
10:21:25.850760,49.97
10:21:25.975375,49.96
10:21:26.275346,49.97
10:21:32.282507,49.98
10:21:32.439409,49.97
10:21:34.373681,49.98
10:21:34.545641,49.97
10:21:35.133370,49.98
10:21:39.488093,49.99
10:21:39.647235,49.98
10:21:39.781739,49.99
10:21:56.288910,49.98
10:21:58.099821,49.99
10:21:58.688866,49.98
10:21:59.594033,49.99
10:21:59.737949,49.98
10:21:59.896323,49.99
10:22:00.038643,49.98
10:22:00.195906,49.99
10:22:13.845550,49.98
10:22:14.145648,49.99
10:22:14.447544,49.98
10:22:14.734032,49.99
10:22:14.891384,49.98
10:22:16.854693,49.99
10:22:16.995771,49.98
10:22:17.151022,49.99
10:22:17.306453,49.98
10:22:18.955044,49.99
10:22:26.873050,49.98
10:22:27.027273,49.99
10:22:27.482770,49.98
10:22:27.781998,49.99
10:22:28.084862,49.98
10:22:28.845075,49.99
10:22:29.453889,49.98
10:22:32.450884,49.97
10:22:32.608550,49.98
10:22:43.976129,49.99
10:22:48.045461,50.00
10:22:48.489650,49.99
10:22:49.541818,50.00
10:22:49.701398,49.99
10:22:50.123424,50.00
10:22:50.448425,49.99
10:22:51.046147,50.00
10:22:51.190024,49.99
10:22:53.134884,50.00
10:22:53.284643,49.99
10:22:53.429489,50.00
10:22:53.587043,49.99
10:22:53.883768,50.00
10:23:01.847006,49.99
10:23:01.980543,50.00
10:23:02.292799,49.99
10:23:02.437946,50.00
10:23:07.543813,50.01
10:23:10.845591,50.00
10:23:11.009562,50.01
10:23:11.450514,50.00
10:23:11.754266,50.01
10:23:17.438343,50.02
10:23:17.596704,50.01
10:23:17.892781,50.02
10:23:23.599628,50.01
10:23:24.199355,50.02
10:23:24.638406,50.01
10:23:25.239447,50.02
10:23:25.396381,50.01
10:23:25.538872,50.02
10:23:25.693984,50.01
10:23:25.836830,50.02
10:23:25.996233,50.01
10:23:34.395070,50.00
10:23:35.143496,50.01
10:23:35.292113,50.00
10:23:46.542368,50.01
10:23:46.684906,50.00
10:23:49.074712,50.01
10:23:53.140469,50.02
10:24:00.926016,50.01
10:24:19.539186,50.00
10:24:19.693729,50.01
10:24:19.994245,50.00
10:24:20.137133,50.01
10:24:20.287527,50.00
10:24:21.027161,50.01
10:24:23.583564,50.00
10:24:25.825915,50.01
10:24:26.592048,50.00
10:24:26.750603,50.01
10:24:26.900153,50.00
10:24:31.381273,50.01
10:24:31.534855,50.00
10:24:31.701806,50.01
10:24:31.982937,50.00
10:24:32.282368,50.01
10:24:32.435230,50.00
10:24:33.482046,50.01
10:24:33.663915,50.00
10:24:33.903932,50.01
10:24:33.919411,50.00
10:24:34.124249,50.01
10:25:10.248557,50.00
10:25:21.790782,50.01
10:25:21.950095,50.00
10:25:22.093252,50.01
10:25:22.548082,50.00
10:25:22.690698,50.01
10:25:22.843787,50.00
10:25:23.299025,50.01
10:25:23.446004,50.00
10:25:27.501120,49.99
10:25:27.639618,50.00
10:25:27.798645,49.99
10:25:32.289048,49.98
10:25:42.495021,49.99
10:25:42.653519,49.98
10:25:42.794880,49.99
10:25:48.195374,50.00
10:25:52.540759,49.99
10:25:53.141390,50.00
10:25:53.299847,49.99
10:25:55.227038,50.00
10:25:59.896960,50.01
10:26:02.888775,50.00
10:26:03.043437,50.01
10:26:03.328060,50.00
10:26:09.954359,50.01
10:26:10.098382,50.00
10:26:10.273219,50.01
10:26:10.539197,50.00
10:26:10.684661,50.01
10:26:11.599175,50.00
10:26:11.738779,50.01
10:26:28.096750,50.00
10:26:28.256090,50.01
10:26:28.399395,50.00
10:26:35.283119,50.01
10:26:36.033690,50.00
10:26:36.175458,50.01
10:26:36.332969,50.00
10:26:36.489008,50.01
10:26:36.652036,50.00
10:26:36.791107,50.01
10:26:36.940847,50.00
10:26:38.892190,50.01
10:26:42.936505,50.02
10:26:57.047609,50.03
10:26:57.186308,50.02
10:27:03.792918,50.01
10:27:10.995385,50.00
10:27:11.154315,50.01
10:27:11.751354,50.00
10:27:11.894385,50.01
10:27:14.143894,50.00
10:27:14.289882,50.01
10:27:19.387752,50.00
10:27:19.530507,50.01
10:27:19.687661,50.00
10:27:21.947779,50.01
10:27:22.397862,50.00
10:27:22.538259,50.01
10:27:22.700695,50.00
10:27:22.841346,50.01
10:27:22.984347,50.00
10:27:23.148872,50.01
10:27:23.291061,50.00
10:27:23.443679,50.01
10:27:23.585187,50.00
10:27:24.049369,50.01
10:27:24.490228,50.00
10:27:25.565813,50.01
10:27:48.041902,50.02
10:27:48.202527,50.01
10:27:48.342718,50.02
10:27:54.944564,50.01
10:27:55.086828,50.02
10:27:55.399875,50.01
10:27:55.998549,50.02
10:27:56.147994,50.01
10:28:03.188191,50.00
10:28:09.800408,50.01
10:28:23.145657,50.02
10:28:23.729637,50.01
10:28:24.206014,50.02
10:28:24.343005,50.01
10:28:24.944366,50.02
10:28:25.098554,50.01
10:28:39.039035,50.00
10:28:42.046711,50.01
10:28:43.843841,50.00
10:28:43.974362,50.01
10:28:54.345823,50.02
10:28:54.474112,50.01
10:28:54.944761,50.02
10:29:08.898051,50.01
10:29:09.051714,50.02
10:29:09.339852,50.01
10:29:10.829722,50.02
10:29:11.168346,50.01
10:29:11.297673,50.02
10:29:11.601114,50.01
10:29:11.733897,50.02
10:29:11.892871,50.01
10:29:12.056645,50.02
10:29:12.340636,50.01
10:29:13.088558,50.02
10:29:13.243233,50.01
10:29:26.436326,50.02
10:29:35.454299,50.03
10:29:37.392238,50.02
10:29:42.500907,50.01
10:29:42.652658,50.02
10:29:42.792664,50.01
10:29:51.646432,50.00
10:29:51.943877,50.01
10:29:52.545693,50.00
10:29:52.699616,50.01
10:29:52.853807,50.00
10:29:53.146615,50.01
10:29:56.453235,50.00
10:29:56.752343,50.01
10:30:02.430883,50.00
10:30:06.504654,49.99
10:30:06.950347,50.00
10:30:07.105251,49.99
10:30:09.653698,49.98
10:30:12.202242,49.97
10:30:14.157200,49.96
10:30:15.204100,49.97
10:30:15.340859,49.96
10:30:17.432657,49.95
10:30:37.692143,49.94
10:30:38.130659,49.95
10:30:41.606779,49.94
10:30:43.842331,49.95
10:30:43.999744,49.94
10:30:44.155584,49.95
10:30:44.443174,49.94
10:30:46.406977,49.93
10:30:48.052380,49.94
10:30:48.944025,49.93
10:30:49.540825,49.94
10:30:49.699207,49.93
10:31:01.551631,49.94
10:31:06.792349,49.95
10:31:18.340299,49.94
10:31:18.498770,49.95
10:31:18.653341,49.94
10:31:18.806359,49.95
10:31:19.856450,49.94
10:31:21.798001,49.95
10:31:21.955391,49.94
10:31:22.109410,49.95
10:31:22.247447,49.94
10:31:23.307537,49.95
10:31:27.502720,49.94
10:31:39.344257,49.93
10:31:41.448329,49.94
10:31:42.929293,49.93
10:31:43.085309,49.94
10:31:43.370423,49.93
10:31:43.555357,49.94
10:31:43.707443,49.93
10:31:43.861457,49.94
10:31:43.996013,49.93
10:31:48.652992,49.92
10:31:48.811037,49.93
10:31:49.103320,49.92
10:31:50.296124,49.93
10:31:53.300385,49.92
10:31:53.455720,49.93
10:31:53.596007,49.92
10:31:53.750888,49.93
10:31:53.903962,49.92
10:31:54.044587,49.93
10:32:06.640079,49.94
10:32:06.799078,49.93
10:32:06.951341,49.94
10:32:07.107183,49.93
10:32:07.246471,49.94
10:32:07.399779,49.93
10:32:07.554585,49.94
10:32:09.499728,49.93
10:32:09.797230,49.94
10:32:09.951930,49.93
10:32:10.242336,49.94
10:32:10.395723,49.93
10:32:13.990520,49.94
10:32:14.132506,49.93
10:32:14.304266,49.94
10:32:14.434504,49.93
10:32:14.750944,49.94
10:32:15.198901,49.93
10:32:15.350475,49.94
10:32:15.483743,49.93
10:32:15.953058,49.94
10:32:16.400685,49.93
10:32:16.852299,49.94
10:32:24.928170,49.93
10:32:26.296346,49.94
10:32:28.543180,49.93
10:32:28.699264,49.94
10:32:29.594660,49.93
10:32:30.494156,49.94
10:32:33.502966,49.93
10:32:39.350801,49.94
10:32:39.505007,49.93
10:32:39.644319,49.94
10:32:43.850819,49.95
10:32:43.994050,49.94
10:32:44.729063,49.95
10:32:49.232175,49.96
10:32:49.381308,49.95
10:33:06.340159,49.96
10:33:06.652915,49.95
10:33:07.380591,49.96
10:33:19.403379,49.95
10:33:19.545712,49.96
10:33:19.702356,49.95
10:33:19.855174,49.96
10:33:20.009027,49.95
10:33:28.690222,49.96
10:33:30.204306,49.95
10:33:33.199237,49.96
10:33:33.644969,49.95
10:33:33.797158,49.96
10:33:33.951155,49.95
10:33:34.103955,49.96
10:33:34.233805,49.95
10:33:39.663119,49.94
10:33:39.791570,49.95
10:33:39.949725,49.94
10:33:40.695956,49.95
10:33:47.748680,49.94
10:33:47.909073,49.95
10:33:48.046614,49.94
10:33:48.199240,49.95
10:33:48.798155,49.94
10:34:00.196336,49.95
10:34:00.355239,49.94
10:34:00.810418,49.95
10:34:12.340195,49.96
10:34:26.746519,49.97
10:34:37.548258,49.98
10:34:43.101896,49.97
10:34:43.271301,49.98
10:34:44.132357,49.97
10:34:51.801890,49.98
10:34:51.943700,49.97
10:34:52.096014,49.98
10:34:52.236127,49.97
10:35:01.404493,49.98
10:35:01.831610,49.97
10:35:02.007367,49.98
10:35:02.299325,49.97
10:35:02.606880,49.98
10:35:02.744605,49.97
10:35:12.210923,49.98
10:35:12.500028,49.97
10:35:12.949192,49.98
10:35:16.241219,49.97
10:35:16.400831,49.98
10:35:16.551871,49.97
10:35:17.306282,49.98
10:35:17.597997,49.97
10:35:17.752985,49.98
10:35:25.106211,49.97
10:35:25.262612,49.98
10:35:25.552820,49.97
10:35:36.178915,49.98
10:35:40.245870,49.99
10:35:46.995088,49.98
10:35:47.151394,49.99
10:35:47.461096,49.98
10:35:47.596629,49.99
10:35:48.199541,49.98
10:35:48.353558,49.99
10:35:48.505141,49.98
10:35:48.659032,49.99
10:35:48.795660,49.98
10:35:55.095759,49.99
10:35:55.406867,49.98
10:35:55.545525,49.99
10:35:56.149311,49.98
10:35:56.302900,49.99
10:36:01.385026,50.00
10:36:01.835448,49.99
10:36:01.998226,50.00
10:36:02.148108,49.99
10:36:02.594522,50.00
10:36:02.907482,49.99
10:36:03.049394,50.00
10:36:03.184754,49.99
10:36:10.697609,49.98
10:36:16.254133,49.99
10:36:16.396672,49.98
10:36:16.981676,49.99
10:36:20.890051,49.98
10:36:21.048527,49.99
10:36:23.305533,49.98
10:36:36.488803,49.99
10:36:36.633056,49.98
10:36:37.400983,49.99
10:36:37.698127,49.98
10:36:37.852153,49.99
10:36:48.200250,50.00
10:36:48.358921,49.99
10:36:48.491904,50.00
10:36:48.653104,49.99
10:36:57.196474,49.98
10:36:57.801489,49.99
10:36:58.980951,50.00
10:36:59.154611,49.99
10:36:59.447038,50.00
10:37:08.289972,50.01
10:37:15.202470,50.00
10:37:15.361021,50.01
10:37:15.498656,50.00
10:37:19.551970,50.01
10:37:19.693026,50.00
10:37:19.848929,50.01
10:37:26.444240,50.02
10:37:26.602773,50.01
10:37:27.047078,50.02
10:37:27.200344,50.01
10:37:27.357501,50.02
10:37:50.279965,50.01
10:37:50.430846,50.02
10:37:50.609348,50.01
10:37:52.240573,50.02
10:37:54.781500,50.01
10:37:54.949449,50.02
10:37:55.106503,50.01
10:38:10.401247,50.02
10:38:12.654083,50.01
10:38:12.958974,50.02
10:38:21.181315,50.01
10:38:39.482399,50.00
10:38:44.602967,49.99
10:38:44.754398,50.00
10:38:51.198261,50.01
10:38:51.803376,50.00
10:38:51.945105,50.01
10:38:58.095105,50.00
10:38:59.148954,50.01
10:38:59.281379,50.00
10:39:00.798177,50.01
10:39:00.951610,50.00
10:39:01.261110,50.01
10:39:01.398997,50.00
10:39:04.703818,49.99
10:39:13.997389,50.00
10:39:14.135134,49.99
10:39:14.599199,50.00
10:39:14.733682,49.99
10:39:14.909108,50.00
10:39:26.294385,50.01
10:39:26.453835,50.00
10:39:26.581233,50.01
10:39:26.747355,50.00
10:39:27.347293,50.01
10:39:27.497249,50.00
10:39:27.653160,50.01
10:39:32.586225,50.02
10:39:32.761617,50.01
10:39:32.895825,50.02
10:39:34.093504,50.01
10:39:34.251919,50.02
10:39:34.401388,50.01
10:39:34.535082,50.02
10:39:34.852991,50.01
10:39:35.007308,50.02
10:39:35.455259,50.01
10:39:36.653409,50.02
10:39:43.689909,50.01
10:39:43.851141,50.02
10:39:43.985054,50.01
10:39:44.145232,50.02
10:39:44.299339,50.01
10:39:54.040249,50.02
10:39:54.658251,50.01
10:39:54.796336,50.02
10:39:57.509116,50.01
10:39:57.647386,50.02
10:40:02.448265,50.01
10:40:02.610128,50.02
10:40:02.747854,50.01
10:40:03.208095,50.02
10:40:03.382675,50.01
10:40:12.794311,50.02
10:40:14.731033,50.01
10:40:14.909294,50.02
10:40:15.180880,50.01
10:40:15.355566,50.02
10:40:15.509089,50.01
10:40:15.644997,50.02
10:40:15.800436,50.01
10:40:19.398530,50.02
10:40:20.756356,50.01
10:40:20.910344,50.02
10:40:21.036150,50.01
10:40:22.560266,50.02
10:40:27.931391,50.03
10:40:28.252289,50.02
10:40:28.412951,50.03
10:40:28.686793,50.02
10:40:29.148994,50.03
10:40:29.592373,50.02
10:40:29.746801,50.03
10:40:30.200673,50.02
10:40:30.508196,50.03
10:40:30.630669,50.02
10:40:30.785977,50.03
10:40:30.950156,50.02
10:40:31.400622,50.03
10:40:36.947975,50.04
10:40:37.702403,50.03
10:40:48.203490,50.04
10:40:48.345125,50.03
10:40:50.604366,50.04
10:40:50.760788,50.03
10:40:55.246949,50.04
10:41:07.552029,50.03
10:41:13.228810,50.02
10:41:18.643344,50.01
10:41:20.008296,50.02
10:41:20.451395,50.01
10:41:21.046199,50.02
10:41:21.204228,50.01
10:41:24.661989,50.02
10:41:24.802973,50.01
10:41:24.929793,50.02
10:41:34.094453,50.01
10:41:34.252394,50.02
10:41:34.545009,50.01
10:41:35.285617,50.02
10:41:35.459363,50.01
10:41:38.446406,50.02
10:41:41.296535,50.01
10:41:41.898723,50.02
10:41:42.952890,50.01
10:41:50.730877,50.00
10:41:56.431069,49.99
10:41:56.595113,50.00
10:41:56.735037,49.99
10:41:56.900186,50.00
10:41:59.747090,49.99
10:41:59.903460,50.00
10:42:09.040153,50.01
10:42:09.202049,50.00
10:42:09.351980,50.01
10:42:09.504357,50.00
10:42:09.659910,50.01
10:42:10.686013,50.00
10:42:10.829219,50.01
10:42:37.254582,50.00
10:42:45.180236,50.01
10:42:45.357609,50.00
10:42:45.485314,50.01
10:43:08.005300,50.02
10:43:08.149528,50.01
10:43:08.299362,50.02
10:43:13.852544,50.03
10:43:20.609293,50.02
10:43:24.648189,50.01
10:43:42.930807,50.02
10:43:43.105247,50.01
10:43:43.553062,50.02
10:43:43.705448,50.01
10:43:43.858771,50.02
10:43:53.595989,50.01
10:43:54.035367,50.02
10:43:54.201401,50.01
10:43:54.353259,50.02
10:43:54.508665,50.01
10:43:55.249826,50.02
10:44:04.560359,50.01
10:44:04.852414,50.02
10:44:05.434365,50.01
10:44:11.156407,50.02
10:44:11.306930,50.01
10:44:11.443104,50.02
10:44:16.247420,50.01
10:44:25.103279,50.00
10:44:25.386351,50.01
10:44:25.571827,50.00
10:44:30.337008,50.01
10:44:30.496833,50.00
10:44:31.236351,50.01
10:44:31.406578,50.00
10:44:31.544144,50.01
10:44:31.696033,50.00
10:44:31.984187,50.01
10:44:32.296093,50.00
10:44:32.452619,50.01
10:44:32.609377,50.00
10:44:32.735674,50.01
10:44:32.902590,50.00
10:44:33.054335,50.01
10:44:55.531586,50.02
10:44:55.704024,50.01
10:44:55.857130,50.02
10:44:56.010888,50.01
10:44:56.150365,50.02
10:44:56.301555,50.01
10:44:57.056875,50.02
10:44:57.202931,50.01
10:44:58.392165,50.02
10:44:58.548086,50.01
10:44:58.993158,50.02
10:44:59.152250,50.01
10:45:00.046001,50.02
10:45:00.510309,50.01
10:45:05.444021,50.00
10:45:08.279540,49.99
10:45:11.153616,49.98
10:45:11.285565,49.99
10:45:11.594436,49.98
10:45:17.148190,49.97
10:45:17.445287,49.98
10:45:17.753468,49.97
10:45:17.905251,49.98
10:45:19.555321,49.97
10:45:25.101366,49.98
10:45:25.407349,49.97
10:45:25.852167,49.98
10:45:26.289479,49.97
10:45:26.447997,49.98
10:45:26.758769,49.97
10:45:26.893318,49.98
10:45:27.356225,49.97
10:45:27.508205,49.98
10:45:27.645902,49.97
10:45:27.798848,49.98
10:45:49.990156,49.99
10:45:50.151329,49.98
10:45:53.285372,49.99
10:45:53.453772,49.98
10:45:53.585818,49.99
10:45:57.352310,50.00
10:45:59.000319,50.01
10:45:59.159127,50.00
10:45:59.731160,50.01
10:45:59.901218,50.00
10:46:01.680311,50.01
10:46:04.561424,50.00
10:46:04.852984,50.01
10:46:04.985441,50.00
10:46:13.393040,49.99
10:46:14.154514,50.00
10:46:17.322447,49.99
10:46:18.803837,50.00
10:46:24.056182,50.01
10:46:24.484239,50.00
10:46:24.643840,50.01
10:46:24.954335,50.00
10:46:32.279575,49.99
10:46:36.498126,49.98
10:46:36.808499,49.99
10:46:36.948291,49.98
10:46:37.103140,49.99
10:46:37.258185,49.98
10:46:41.306164,49.99
10:46:41.460712,49.98
10:46:41.580739,49.99
10:46:41.730047,49.98
10:46:41.893118,49.99
10:46:48.510165,50.00
10:46:54.204331,50.01
10:46:55.550836,50.00
10:46:55.705360,50.01
10:46:56.134401,50.00
10:46:58.696555,50.01
10:47:08.581557,50.00
10:47:08.903003,50.01
10:47:09.056579,50.00
10:47:09.485375,50.01
10:47:09.951605,50.00
10:47:10.282870,50.01
10:47:11.312768,50.00
10:47:11.451786,50.01
10:47:11.608374,50.00
10:47:11.744889,50.01
10:47:12.196733,50.00
10:47:12.952890,50.01
10:47:13.102865,50.00
10:47:13.256688,50.01
10:47:19.850761,50.00
10:47:19.992340,50.01
10:47:20.146950,50.00
10:47:22.834951,50.01
10:47:25.529416,50.00
10:47:25.834328,50.01
10:47:26.135313,50.00
10:47:26.580495,50.01
10:47:28.850146,50.00
10:47:32.443351,49.99
10:47:39.780267,49.98
10:47:46.690435,49.99
10:47:52.229173,50.00
10:47:52.384278,49.99
10:47:52.534260,50.00
10:47:58.846202,50.01
10:48:00.201996,50.00
10:48:05.300908,49.99
10:48:05.450991,50.00
10:48:05.604148,49.99
10:48:05.898912,50.00
10:48:06.058343,49.99
10:48:07.234435,50.00
10:48:07.705488,49.99
10:48:07.847963,50.00
10:48:09.203271,49.99
10:48:09.479162,50.00
10:48:09.634568,49.99
10:48:09.952196,50.00
10:48:10.105820,49.99
10:48:10.230508,50.00
10:48:10.402742,49.99
10:48:11.597987,50.00
10:48:11.883990,49.99
10:48:12.048506,50.00
10:48:12.204336,49.99
10:48:12.942212,50.00
10:48:13.532210,49.99
10:48:13.694143,50.00
10:48:13.979074,49.99
10:48:14.283791,50.00
10:48:14.453175,49.99
10:48:14.607978,50.00
10:48:22.698836,49.99
10:48:36.942221,50.00
10:48:41.158842,50.01
10:48:45.335640,50.02
10:48:45.493279,50.01
10:48:45.651655,50.02
10:48:46.252331,50.01
10:48:53.729463,50.02
10:48:56.002500,50.01
10:48:57.944150,50.02
10:49:06.180808,50.01
10:49:27.021271,50.02
10:49:27.197044,50.01
10:49:34.692367,50.02
10:49:34.989650,50.01
10:49:35.148867,50.02
10:49:54.341154,50.01
10:49:55.095060,50.02
10:50:03.624931,50.01
10:50:05.597474,50.00
10:50:07.534788,49.99
10:50:09.050365,49.98
10:50:10.831745,49.97
10:50:15.197408,49.96
10:50:15.348746,49.97
10:50:15.494514,49.96
10:50:16.850332,49.97
10:50:26.136066,49.98
10:50:26.294862,49.97
10:50:26.750531,49.98
10:50:26.901137,49.97
10:50:33.339452,49.96
10:50:33.937964,49.97
10:50:34.097050,49.96
10:50:37.392631,49.97
10:50:37.696358,49.96
10:50:37.984288,49.97
10:50:56.285095,49.98
10:50:56.444469,49.97
10:50:56.596457,49.98
10:50:56.740462,49.97
10:50:57.194782,49.98
10:50:57.340063,49.97
10:50:57.501106,49.98
10:50:57.646214,49.97
10:50:57.789895,49.98
10:51:02.748110,49.99
10:51:11.734814,50.00
10:51:11.893454,49.99
10:51:12.036414,50.00
10:51:12.210929,49.99
10:51:21.789803,50.00
10:51:22.398264,49.99
10:51:22.846897,50.00
10:51:22.990565,49.99
10:51:23.139756,50.00
10:51:23.597868,49.99
10:51:23.738776,50.00
10:51:23.904387,49.99
10:51:25.099531,50.00
10:51:25.385363,49.99
10:51:25.535117,50.00
10:51:25.844733,49.99
10:51:32.295574,49.98
10:51:32.894631,49.99
10:51:36.487368,50.00
10:51:36.788975,49.99
10:51:37.097995,50.00
10:51:37.241300,49.99
10:51:37.849678,50.00
10:51:46.696367,50.01
10:51:59.436338,50.00
10:51:59.597501,50.01
10:51:59.748824,50.00
10:52:00.041085,50.01
10:52:00.185270,50.00
10:52:12.936822,50.01
10:52:14.290247,50.00
10:52:15.031672,50.01
10:52:15.190979,50.00
10:52:22.384960,49.99
10:52:22.536505,50.00
10:52:22.682662,49.99
10:52:28.239014,49.98
10:52:28.404834,49.99
10:52:28.545639,49.98
10:52:28.689187,49.99
10:52:28.984054,49.98
10:52:29.149917,49.99
10:52:29.285061,49.98
10:52:29.435492,49.99
10:52:30.927485,49.98
10:52:31.097676,49.99
10:52:31.389245,49.98
10:52:34.264690,49.99
10:52:38.749184,50.00
10:52:39.188146,49.99
10:52:40.097887,50.00
10:52:40.241023,49.99
10:52:42.470924,50.00
10:52:42.660036,49.99
10:52:42.937901,50.00
10:52:43.544734,49.99
10:52:47.150985,50.00
10:52:47.293420,49.99
10:52:48.644566,50.00
10:52:48.788535,49.99
10:52:48.955124,50.00
10:52:49.099565,49.99
10:52:51.644533,50.00
10:52:52.535180,49.99
10:52:52.685992,50.00
10:52:53.159761,49.99
10:52:53.300988,50.00
10:52:53.437101,49.99
10:53:01.698034,49.98
10:53:01.841217,49.99
10:53:02.000960,49.98
10:53:10.090006,49.99
10:53:13.385917,50.00
10:53:13.544271,49.99
10:53:13.688243,50.00
10:53:27.036428,49.99
10:53:31.989048,50.00
10:53:32.291068,49.99
10:53:32.746022,50.00
10:53:32.874501,49.99
10:53:33.046444,50.00
10:53:40.994771,49.99
10:53:41.138631,50.00
10:53:41.298096,49.99
10:53:41.874003,50.00
10:53:42.037574,49.99
10:53:42.950398,50.00
10:53:43.544706,49.99
10:53:44.000187,50.00
10:53:45.349308,49.99
10:53:46.984967,50.00
10:53:47.144888,49.99
10:53:49.090041,50.00
10:53:49.249711,49.99
10:53:54.653924,49.98
10:53:54.800173,49.99
10:53:55.268702,49.98
10:53:56.608936,49.99
10:53:56.736238,49.98
10:54:00.785949,49.99
10:54:01.104826,49.98
10:54:02.148080,49.99
10:54:02.291370,49.98
10:54:02.730833,49.99
10:54:17.144462,50.00
10:54:21.495329,50.01
10:54:25.986580,50.02
10:54:26.454524,50.01
10:54:26.598908,50.02
10:54:30.487278,50.01
10:54:31.086727,50.02
10:54:31.275655,50.01
10:54:36.789249,50.02
10:54:37.391493,50.01
10:54:37.992862,50.02
10:54:38.446293,50.01
10:54:38.594323,50.02
10:54:40.838698,50.01
10:54:41.002597,50.02
10:54:41.593417,50.01
10:54:44.136623,50.02
10:54:44.296442,50.01
10:54:44.439981,50.02
10:54:44.598019,50.01
10:54:44.741818,50.02
10:54:44.875235,50.01
10:54:45.041224,50.02
10:54:45.192446,50.01
10:54:57.647632,50.02
10:55:01.537041,50.03
10:55:01.696590,50.02
10:55:01.840809,50.03
10:55:02.420442,50.02
10:55:02.588565,50.03
10:55:02.885428,50.02
10:55:03.036312,50.03
10:55:03.487360,50.02
10:55:03.629217,50.03
10:55:03.789002,50.02
10:55:08.289328,50.01
10:55:11.597602,50.00
10:55:13.388990,49.99
10:55:15.354817,49.98
10:55:17.599555,49.97
10:55:20.450993,49.96
10:55:20.575258,49.97
10:55:20.743621,49.96
10:55:21.051644,49.97
10:55:21.194418,49.96
10:55:21.337310,49.97
10:55:21.645494,49.96
10:55:21.787380,49.97
10:55:21.931010,49.96
10:55:27.799858,49.97
10:55:37.547576,49.98
10:55:58.397029,49.97
10:56:00.039400,49.98
10:56:00.190463,49.97
10:56:00.646081,49.98
10:56:11.300423,49.99
10:56:11.443891,49.98
10:56:11.595919,49.99
10:56:11.898544,49.98
10:56:12.941765,49.99
10:56:15.660747,49.98
10:56:15.947990,49.99
10:56:16.242127,49.98
10:56:23.282146,49.97
10:56:25.708853,49.98
10:56:25.839962,49.97
10:56:26.441243,49.98
10:56:26.578697,49.97
10:56:26.747415,49.98
10:56:38.603629,49.97
10:56:46.087343,49.98
10:56:46.263135,49.97
10:56:46.390872,49.98
10:56:46.550611,49.97
10:56:46.835120,49.98
10:56:47.146544,49.97
10:56:48.182845,49.98
10:56:53.745100,49.99
10:56:53.906555,49.98
10:56:54.040058,49.99
10:56:54.335932,49.98
10:56:54.495577,49.99
10:56:54.639881,49.98
10:56:56.436952,49.99
10:56:56.742295,49.98
10:56:56.908187,49.99
10:57:08.878428,50.00
10:57:09.047105,49.99
10:57:09.348670,50.00
10:57:09.491958,49.99
10:57:09.635824,50.00
10:57:23.594915,49.99
10:57:23.737829,50.00
10:57:23.897665,49.99
10:57:24.194635,50.00
10:57:24.337659,49.99
10:57:28.686413,49.98
10:57:28.845999,49.99
10:57:28.989002,49.98
10:57:29.148975,49.99
10:57:29.737590,49.98
10:57:57.938720,49.99
10:57:58.098126,49.98
10:57:58.257712,49.99
10:57:58.401682,49.98
10:57:59.287081,49.99
10:57:59.446348,49.98
10:57:59.582028,49.99
10:57:59.742428,49.98
10:57:59.885486,49.99
10:58:04.549957,49.98
10:58:04.833252,49.99
10:58:05.296867,49.98
10:58:05.739901,49.99
10:58:05.892242,49.98
10:58:06.927841,49.99
10:58:07.087026,49.98
10:58:07.699960,49.99
10:58:12.195832,50.00
10:58:12.491314,49.99
10:58:12.651265,50.00
10:58:17.746323,49.99
10:58:17.889511,50.00
10:58:18.040272,49.99
10:58:18.923867,50.00
10:58:30.664533,49.99
10:58:30.814934,50.00
10:58:31.695691,49.99
10:58:31.839472,50.00
10:58:31.999783,49.99
10:58:32.903360,50.00
10:58:33.357624,49.99
10:58:33.954931,50.00
10:58:34.097358,49.99
10:58:47.764365,50.00
10:58:51.349442,49.99
10:58:51.484226,50.00
10:58:51.642876,49.99
10:58:51.948598,50.00
10:58:58.093248,49.99
10:58:58.252869,50.00
10:58:58.835648,49.99
10:58:58.995202,50.00
10:58:59.139272,49.99
10:59:07.103139,50.00
10:59:08.148693,49.99
10:59:08.290821,50.00
10:59:08.444557,49.99
10:59:08.746719,50.00
10:59:16.393251,50.01
10:59:16.697657,50.00
10:59:16.841657,50.01
10:59:33.042880,50.00
10:59:33.187141,50.01
10:59:33.339559,50.00
10:59:34.995947,50.01
10:59:35.138857,50.00
10:59:35.450593,50.01
10:59:35.594190,50.00
10:59:39.037212,50.01
10:59:39.196230,50.00
10:59:39.356240,50.01
10:59:39.636550,50.00
10:59:39.799619,50.01
10:59:44.445201,50.00
10:59:45.934897,50.01
10:59:46.086337,50.00
10:59:50.745722,50.01
10:59:50.896858,50.00
10:59:51.039402,50.01
10:59:54.346722,50.00
10:59:58.544881,49.99
11:00:00.037541,50.00
11:00:00.202186,49.99
11:00:00.344046,50.00
11:00:02.590410,49.99
11:00:03.636766,49.98
11:00:04.989271,49.97
11:00:06.344280,49.96
11:00:07.705302,49.95
11:00:10.258031,49.94
11:00:12.353152,49.93
11:00:14.895218,49.92
11:00:17.744573,49.91
11:00:20.753252,49.90
11:00:20.887488,49.91
11:00:22.545755,49.90
11:00:22.839390,49.91
11:00:25.257798,49.90
11:00:29.596197,49.89
11:00:29.746171,49.90
11:00:30.031454,49.89
11:00:51.187299,49.90
11:00:51.338972,49.89
11:00:52.237185,49.90
11:00:52.388820,49.89
11:00:52.548640,49.90
11:00:52.690413,49.89
11:00:52.840062,49.90
11:00:52.998509,49.89
11:00:54.047463,49.90
11:00:54.181058,49.89
11:00:56.739513,49.90
11:00:56.899140,49.89
11:00:57.054050,49.90
11:00:57.632400,49.89
11:00:57.780475,49.90
11:00:57.934144,49.89
11:00:58.093042,49.90
11:00:58.280374,49.89
11:00:58.398833,49.90
11:00:58.542324,49.89
11:01:02.445779,49.88
11:01:02.588727,49.89
11:01:02.748460,49.88
11:01:02.899682,49.89
11:01:03.043518,49.88
11:01:03.187065,49.89
11:01:03.330940,49.88
11:01:06.341624,49.89
11:01:06.484803,49.88
11:01:06.644932,49.89
11:01:06.787233,49.88
11:01:07.387304,49.89
11:01:10.252313,49.90
11:01:10.389170,49.89
11:01:12.048200,49.90
11:01:19.684204,49.89
11:01:19.994579,49.90
11:01:20.138430,49.89
11:01:21.170208,49.90
11:01:21.327895,49.89
11:01:21.466316,49.90
11:01:21.639478,49.89
11:01:21.799463,49.90
11:01:21.951025,49.89
11:01:22.095837,49.90
11:01:22.239869,49.89
11:01:22.407670,49.90
11:01:22.520007,49.89
11:01:22.678886,49.90
11:01:22.838881,49.89
11:01:23.292693,49.90
11:01:23.450950,49.89
11:01:23.573227,49.90
11:01:29.294261,49.91
11:01:34.326309,49.92
11:01:34.386911,49.91
11:01:34.546897,49.92
11:01:37.093040,49.91
11:01:37.548555,49.92
11:01:40.543832,49.91
11:01:50.002847,49.92
11:01:50.142394,49.91
11:01:50.442929,49.92
11:01:50.608380,49.91
11:01:50.770423,49.92
11:02:05.603241,49.91
11:02:06.510894,49.92
11:02:06.637554,49.91
11:02:11.742846,49.92
11:02:11.886602,49.91
11:02:13.094498,49.92
11:02:16.097343,49.91
11:02:16.386085,49.92
11:02:16.551382,49.91
11:02:16.839396,49.92
11:02:22.412425,49.93
11:02:22.549970,49.92
11:02:22.699800,49.93
11:02:22.850803,49.92
11:02:22.992403,49.93
11:02:23.280430,49.92
11:02:23.585535,49.93
11:02:24.007962,49.92
11:02:24.507244,49.93
11:02:24.639607,49.92
11:02:31.982895,49.93
11:02:32.137538,49.92
11:02:32.296398,49.93
11:02:32.896507,49.92
11:02:33.185583,49.93
11:02:34.247231,49.92
11:02:34.375026,49.93
11:02:34.846705,49.92
11:02:35.005642,49.93
11:02:40.538760,49.94
11:02:44.882856,49.95
11:02:48.045852,49.94
11:02:48.174395,49.95
11:02:48.977201,49.94
11:02:49.088557,49.95
11:02:49.247014,49.94
11:02:49.425529,49.95
11:02:49.700196,49.94
11:02:50.287388,49.95
11:02:50.443983,49.94
11:02:55.237343,49.95
11:02:55.537178,49.94
11:02:55.697469,49.95
11:02:56.590323,49.94
11:02:56.759676,49.95
11:02:57.799624,49.94
11:02:57.934763,49.95
11:02:58.094608,49.94
11:02:58.238936,49.95
11:02:58.382714,49.94
11:03:04.542857,49.93
11:03:04.687200,49.94
11:03:04.839545,49.93
11:03:04.999614,49.94
11:03:05.143305,49.93
11:03:05.287399,49.94
11:03:05.595384,49.93
11:03:05.738811,49.94
11:03:05.890140,49.93
11:03:06.034545,49.94
11:03:06.193896,49.93
11:03:06.345140,49.94
11:03:06.793911,49.93
11:03:07.088342,49.94
11:03:07.534005,49.93
11:03:20.886961,49.92
11:03:21.190760,49.93
11:03:25.523488,49.92
11:03:25.695959,49.93
11:03:31.384569,49.94
11:03:33.643364,49.93
11:03:33.946239,49.94
11:03:34.089773,49.93
11:03:34.545175,49.94
11:03:34.834446,49.93
11:03:35.002185,49.94
11:03:41.908167,49.93
11:03:42.035413,49.94
11:03:42.338296,49.93
11:03:42.499642,49.94
11:03:42.787534,49.93
11:03:43.236129,49.94
11:03:47.296376,49.95
11:03:53.298662,49.96
11:03:53.442877,49.95
11:03:53.595522,49.96
11:03:53.739332,49.95
11:03:53.899105,49.96
11:03:54.042635,49.95
11:03:54.195787,49.96
11:03:54.791713,49.95
11:03:54.935797,49.96
11:03:55.256362,49.95
11:03:55.400670,49.96
11:04:02.291201,49.95
11:04:05.597473,49.94
11:04:13.247395,49.93
11:04:16.398114,49.94
11:04:17.754394,49.93
11:04:18.480818,49.94
11:04:21.786478,49.93
11:04:21.930480,49.94
11:04:22.087267,49.93
11:04:27.485681,49.92
11:04:27.646283,49.93
11:04:27.790037,49.92
11:04:28.844785,49.93
11:04:29.891552,49.92
11:04:30.044447,49.93
11:04:30.782471,49.92
11:04:36.637703,49.91
11:04:36.797543,49.92
11:04:36.944538,49.91
11:04:37.082575,49.92
11:04:37.242038,49.91
11:04:38.588487,49.92
11:04:38.739048,49.91
11:04:39.501306,49.92
11:04:39.647049,49.91
11:04:42.781399,49.92
11:04:53.140038,49.93
11:04:53.299913,49.92
11:04:53.578324,49.93
11:04:53.753922,49.92
11:04:53.882150,49.93
11:04:54.047085,49.92
11:04:54.805106,49.93
11:04:54.949225,49.92
11:04:55.077803,49.93
11:04:55.228770,49.92
11:04:57.173875,49.93
11:04:57.336788,49.92
11:04:57.493109,49.93
11:04:58.845016,49.92
11:05:01.274497,49.93
11:05:14.592794,49.94
11:05:20.440798,49.95
11:05:22.997910,49.96
11:05:23.135189,49.95
11:05:23.294763,49.96
11:05:24.936296,49.95
11:05:25.096627,49.96
11:05:25.236585,49.95
11:05:25.397495,49.96
11:05:31.701579,49.97
11:05:32.292445,49.96
11:05:32.455460,49.97
11:05:33.197227,49.96
11:05:39.342286,49.95
11:05:39.473860,49.96
11:05:39.788725,49.95
11:05:46.841324,49.94
11:05:46.993913,49.95
11:05:47.142470,49.94
11:06:07.841809,49.95
11:06:07.986355,49.94
11:06:08.152496,49.95
11:06:13.696304,49.96
11:06:13.824261,49.95
11:06:14.445565,49.96
11:06:15.782482,49.95
11:06:18.494955,49.96
11:06:19.992286,49.95
11:06:20.143568,49.96
11:06:20.296048,49.95
11:06:20.598428,49.96
11:06:20.900804,49.95
11:06:22.088147,49.96
11:06:22.241639,49.95
11:06:22.399507,49.96
11:06:25.097638,49.95
11:06:25.241448,49.96
11:06:26.743424,49.97
11:06:26.887191,49.96
11:06:27.189443,49.97
11:06:39.487433,49.96
11:06:39.647806,49.97
11:06:39.790724,49.96
11:06:39.954798,49.97
11:06:40.093821,49.96
11:06:40.254191,49.97
11:06:40.400793,49.96
11:06:40.689290,49.97
11:06:41.136625,49.96
11:06:41.295264,49.97
11:06:41.598515,49.96
11:06:41.741975,49.97
11:06:42.046542,49.96
11:06:42.188680,49.97
11:06:42.491732,49.96
11:06:45.795771,49.97
11:06:46.392615,49.96
11:06:51.798650,49.97
11:06:51.942339,49.96
11:06:53.296845,49.97
11:06:53.440648,49.96
11:06:53.584076,49.97
11:06:53.752064,49.96
11:06:54.201471,49.97
11:07:08.893825,49.98
11:07:11.896562,49.97
11:07:12.039724,49.98
11:07:12.634888,49.97
11:07:13.385693,49.98
11:07:13.543133,49.97
11:07:13.686168,49.98
11:07:16.096460,49.97
11:07:16.296651,49.98
11:07:21.790430,49.99
11:07:21.940930,49.98
11:07:22.243962,49.99
11:07:24.190482,49.98
11:07:24.334392,49.99
11:07:24.795840,49.98
11:07:26.558376,49.99
11:07:27.358439,49.98
11:07:27.520427,49.99
11:07:27.633090,49.98
11:07:44.287265,49.99
11:07:53.891633,50.00
11:07:54.035956,49.99
11:07:54.473300,50.00
11:08:02.890505,50.01
11:08:13.395131,50.00
11:08:13.538449,50.01
11:08:15.192946,50.00
11:08:32.150391,49.99
11:08:32.294767,50.00
11:08:32.734330,49.99
11:08:39.037511,50.00
11:08:41.146697,49.99
11:08:41.289090,50.00
11:08:41.439555,49.99
11:08:41.602914,50.00
11:08:42.036796,49.99
11:08:42.962444,50.00
11:08:45.346146,49.99
11:08:45.497294,50.00
11:08:46.547297,49.99
11:08:48.491341,50.00
11:08:50.293278,49.99
11:08:50.908404,50.00
11:08:51.025587,49.99
11:08:56.135888,49.98
11:08:57.640592,49.99
11:08:59.736626,50.00
11:09:03.789742,50.01
11:09:06.492680,50.00
11:09:07.998986,50.01
11:09:11.153246,50.00
11:09:11.581196,50.01
11:09:11.740973,50.00
11:09:11.885442,50.01
11:09:12.196441,50.00
11:09:12.635558,50.01
11:09:14.447413,50.00
11:09:14.579722,50.01
11:09:14.739321,50.00
11:09:14.894180,50.01
11:09:15.046249,50.00
11:09:24.344482,49.99
11:09:24.488578,50.00
11:09:24.649225,49.99
11:09:24.793771,50.00
11:09:25.088637,49.99
11:09:25.248537,50.00
11:09:27.787716,49.99
11:09:29.149983,50.00
11:09:29.294583,49.99
11:09:29.749103,50.00
11:09:33.801839,49.99
11:09:35.749209,50.00
11:09:35.877066,49.99
11:09:36.044336,50.00
11:09:42.331809,50.01
11:09:42.490176,50.00
11:09:42.623541,50.01
11:09:45.803286,50.02
11:10:09.934300,50.03
11:10:10.077848,50.02
11:10:33.338211,50.01
11:10:35.587090,50.02
11:10:39.031040,50.01
11:10:39.494401,50.02
11:10:39.636567,50.01
11:10:48.037010,50.00
11:10:48.197233,50.01
11:11:00.340105,50.02
11:11:00.642173,50.01
11:11:00.793521,50.02
11:11:00.937388,50.01
11:11:01.368899,50.02
11:11:05.147730,50.01
11:11:05.291444,50.02
11:11:05.435750,50.01
11:11:05.592717,50.02
11:11:05.736992,50.01
11:11:05.902353,50.02
11:11:06.333826,50.01
11:11:06.504185,50.02
11:11:11.442235,50.03
11:11:12.041766,50.02
11:11:12.185243,50.03
11:11:16.240411,50.02
11:11:16.394849,50.03
11:11:21.635807,50.04
11:11:21.795939,50.03
11:11:25.999205,50.02
11:11:28.996362,50.01
11:11:29.297688,50.02
11:11:29.435037,50.01
11:11:32.284459,50.02
11:11:48.185008,50.01
11:11:48.353566,50.02
11:11:58.531918,50.03
11:11:58.691838,50.02
11:12:00.202143,50.03
11:12:00.347109,50.02
11:12:00.495609,50.03
11:12:03.046439,50.02
11:12:05.745996,50.03
11:12:06.041102,50.02
11:12:06.344777,50.03
11:12:06.479683,50.02
11:12:12.935340,50.01
11:12:25.557350,50.02
11:12:25.684374,50.01
11:12:25.843705,50.02
11:12:25.987152,50.01
11:12:28.991894,50.02
11:12:30.184046,50.01
11:12:30.335809,50.02
11:12:30.495878,50.01
11:12:30.640023,50.02
11:12:30.799259,50.01
11:12:40.997879,50.00
11:12:41.300236,50.01
11:12:41.451143,50.00
11:12:41.599557,50.01
11:12:41.747180,50.00
11:12:43.387768,50.01
11:12:43.854743,50.00
11:12:44.148409,50.01
11:12:44.886514,50.00
11:12:45.045563,50.01
11:13:14.734232,50.00
11:13:22.560755,50.01
11:13:22.990119,50.00
11:13:26.144450,50.01
11:13:26.893973,50.00
11:13:27.036825,50.01
11:13:33.352152,50.00
11:13:33.642708,50.01
11:13:33.786033,50.00
11:13:33.946377,50.01
11:13:34.089512,50.00
11:13:41.138074,50.01
11:13:44.436471,50.02
11:13:44.600480,50.01
11:13:44.738618,50.02
11:13:44.882060,50.01
11:13:45.049483,50.02
11:13:45.202150,50.01
11:13:45.337417,50.02
11:13:56.743470,50.01
11:14:12.346053,50.02
11:14:20.435999,50.01
11:14:20.741246,50.02
11:14:20.905910,50.01
11:14:21.052273,50.02
11:14:22.393545,50.01
11:14:24.039513,50.02
11:14:24.196280,50.01
11:14:24.347427,50.02
11:14:24.491049,50.01
11:14:25.248610,50.02
11:14:25.393727,50.01
11:14:25.538203,50.02
11:14:25.697786,50.01
11:14:25.845209,50.02
11:14:25.985649,50.01
11:14:26.595761,50.02
11:14:26.739987,50.01
11:14:27.043852,50.02
11:14:27.188016,50.01
11:14:30.641115,50.02
11:14:30.791278,50.01
11:14:31.997639,50.02
11:14:32.145259,50.01
11:14:32.295858,50.02
11:14:32.442114,50.01
11:14:32.602168,50.02
11:14:32.759919,50.01
11:14:32.886278,50.02
11:14:48.490662,50.03
11:14:50.284195,50.02
11:14:50.443886,50.03
11:14:50.756923,50.02
11:14:53.444291,50.03
11:14:53.747836,50.02
11:14:54.183684,50.03
11:14:54.342845,50.02
11:14:54.492538,50.03
11:14:54.932170,50.02
11:14:55.079893,50.03
11:14:56.003073,50.02
11:14:57.198199,50.03
11:14:59.151062,50.02
11:14:59.286716,50.03
11:14:59.756136,50.02
11:15:03.789730,50.01
11:15:06.788752,50.00
11:15:09.635012,49.99
11:15:09.945367,50.00
11:15:10.392414,49.99
11:15:12.637289,49.98
11:15:17.447000,49.97
11:15:17.597101,49.98
11:15:17.733273,49.97
11:15:18.498155,49.98
11:15:18.784343,49.97
11:15:18.935000,49.98
11:15:19.094690,49.97
11:15:19.238920,49.98
11:15:19.852594,49.97
11:15:19.994691,49.98
11:15:20.298685,49.97
11:15:34.547368,49.96
11:15:37.095773,49.97
11:15:37.239354,49.96
11:15:37.398760,49.97
11:15:43.389891,49.96
11:15:43.533642,49.97
11:15:43.846656,49.96
11:15:44.293157,49.97
11:15:44.436709,49.96
11:15:59.131026,49.97
11:15:59.297779,49.96
11:15:59.434738,49.97
11:15:59.899039,49.96
11:16:00.789118,49.97
11:16:03.192225,49.98
11:16:03.941723,49.97
11:16:04.106457,49.98
11:16:18.635085,49.97
11:16:18.786449,49.98
11:16:19.087687,49.97
11:16:19.529796,49.98
11:16:20.146488,49.97
11:16:20.289734,49.98
11:16:20.440633,49.97
11:16:20.584323,49.98
11:16:20.743526,49.97
11:16:20.878293,49.98
11:16:21.037463,49.97
11:16:21.179581,49.98
11:16:21.339296,49.97
11:16:39.491170,49.96
11:16:39.635303,49.97
11:16:39.795503,49.96
11:16:46.693625,49.97
11:16:46.845078,49.96
11:16:46.988986,49.97
11:16:47.149054,49.96
11:16:51.041493,49.97
11:16:51.634994,49.96
11:16:51.794618,49.97
11:16:51.922926,49.96
11:16:54.193570,49.97
11:16:57.786758,49.96
11:16:57.954773,49.97
11:16:58.098641,49.96
11:16:58.386264,49.97
11:17:00.325547,49.96
11:17:00.485689,49.97
11:17:00.789320,49.96
11:17:04.538241,49.97
11:17:12.039642,49.96
11:17:12.202141,49.97
11:17:12.345215,49.96
11:17:12.489139,49.97
11:17:12.800201,49.96
11:17:13.089342,49.97
11:17:13.233031,49.96
11:17:13.384280,49.97
11:17:13.544245,49.96
11:17:13.689354,49.97
11:17:14.896484,49.96
11:17:15.198580,49.97
11:17:15.493850,49.96
11:17:15.788622,49.97
11:17:15.957037,49.96
11:17:16.244803,49.97
11:17:16.388723,49.96
11:17:16.539839,49.97
11:17:29.574521,49.96
11:17:29.901148,49.97
11:17:30.028740,49.96
11:17:37.084176,49.95
11:17:37.284985,49.96
11:17:37.401359,49.95
11:17:40.533704,49.96
11:17:40.693892,49.95
11:17:41.134094,49.96
11:17:41.429903,49.95
11:17:41.589700,49.96
11:17:42.193612,49.95
11:17:42.337071,49.96
11:17:42.495825,49.95
11:17:42.639492,49.96
11:17:42.808971,49.95
11:17:42.926818,49.96
11:17:43.389654,49.95
11:17:43.685222,49.96
11:17:43.844988,49.95
11:17:43.988385,49.96
11:17:46.392505,49.97
11:17:46.561435,49.96
11:17:46.991769,49.97
11:17:51.347369,49.98
11:17:51.792425,49.97
11:17:52.240033,49.98
11:17:52.385163,49.97
11:17:52.554325,49.98
11:17:53.285171,49.97
11:17:53.446847,49.98
11:17:53.598468,49.97
11:17:59.123221,49.96
11:17:59.277338,49.97
11:17:59.454117,49.96
11:18:00.188862,49.97
11:18:00.357673,49.96
11:18:00.495262,49.97
11:18:00.950624,49.96
11:18:01.098294,49.97
11:18:01.552258,49.96
11:18:01.695461,49.97
11:18:01.983682,49.96
11:18:02.136394,49.97
11:18:02.296180,49.96
11:18:02.440761,49.97
11:18:02.744676,49.96
11:18:02.888475,49.97
11:18:03.048184,49.96
11:18:03.184232,49.97
11:18:17.298911,49.96
11:18:17.595025,49.97
11:18:17.738729,49.96
11:18:32.899227,49.97
11:18:33.042759,49.96
11:18:33.184845,49.97
11:18:48.339381,49.96
11:18:48.499410,49.97
11:18:48.643567,49.96
11:19:00.636320,49.97
11:19:00.797908,49.96
11:19:01.086518,49.97
11:19:01.245919,49.96
11:19:01.683520,49.97
11:19:01.843305,49.96
11:19:01.995412,49.97
11:19:02.138585,49.96
11:19:03.628479,49.97
11:19:04.234367,49.96
11:19:04.689492,49.97
11:19:04.849614,49.96
11:19:05.285447,49.97
11:19:06.632607,49.96
11:19:08.422615,49.97
11:19:10.093729,49.96
11:19:10.237343,49.97
11:19:10.381306,49.96
11:19:10.532947,49.97
11:19:10.694880,49.96
11:19:10.837568,49.97
11:19:10.997230,49.96
11:19:11.284437,49.97
11:19:11.427568,49.96
11:19:12.204723,49.97
11:19:19.695825,49.98
11:19:19.848757,49.97
11:19:19.980837,49.98
11:19:20.146746,49.97
11:19:24.643284,49.98
11:19:24.784489,49.97
11:19:25.694745,49.98
11:19:30.505561,49.99
11:19:30.952722,49.98
11:19:31.386325,49.99
11:19:31.554332,49.98
11:19:31.681923,49.99
11:19:31.825122,49.98
11:19:32.000490,49.99
11:19:32.294317,49.98
11:19:45.336524,49.97
11:19:45.481337,49.98
11:19:45.950390,49.97
11:19:47.296695,49.98
11:19:47.431940,49.97
11:19:47.580832,49.98
11:19:47.752115,49.97
11:19:47.896081,49.98
11:19:52.683850,49.99
11:19:52.849414,49.98
11:19:56.292917,49.99
11:19:57.204977,49.98
11:19:57.340322,49.99
11:19:57.789612,49.98
11:19:57.955915,49.99
11:19:58.995263,49.98
11:19:59.450901,49.99
11:19:59.594439,49.98
11:19:59.761729,49.99
11:19:59.889048,49.98
11:20:00.038387,49.99
11:20:00.192169,49.98
11:20:00.343936,49.99
11:20:00.468551,49.98
11:20:01.394522,49.99
11:20:01.849298,49.98
11:20:15.046055,49.97
11:20:15.193998,49.98
11:20:15.343112,49.97
11:20:39.196884,49.96
11:20:39.341588,49.97
11:20:44.141832,49.96
11:20:44.292632,49.97
11:20:47.136281,49.96
11:20:47.293675,49.97
11:20:54.948295,49.98
11:21:00.785852,49.99
11:21:00.945895,49.98
11:21:01.387345,49.99
11:21:01.546924,49.98
11:21:07.839960,49.97
11:21:07.996766,49.98
11:21:09.796194,49.97
11:21:09.956782,49.98
11:21:10.252080,49.97
11:21:10.402613,49.98
11:21:10.539158,49.97
11:21:21.030258,49.96
11:21:21.190420,49.97
11:21:28.383823,49.98
11:21:29.305820,49.97
11:21:30.646222,49.98
11:21:38.885799,49.97
11:21:39.642696,49.98
11:21:39.785896,49.97
11:21:40.396755,49.98
11:21:45.334448,49.99
11:21:57.334849,49.98
11:21:57.498551,49.99
11:22:00.487339,49.98
11:22:00.646574,49.99
11:22:00.949669,49.98
11:22:05.746976,49.97
11:22:06.797893,49.98
11:22:06.950543,49.97
11:22:08.004250,49.98
11:22:29.144519,49.97
11:22:29.298529,49.98
11:22:29.436029,49.97
11:22:29.890910,49.98
11:22:30.641285,49.97
11:22:30.809062,49.98
11:22:31.241889,49.97
11:22:31.400052,49.98
11:22:31.534630,49.97
11:22:31.682192,49.98
11:22:31.842510,49.97
11:22:39.338593,49.98
11:22:43.682484,49.99
11:22:48.942208,50.00
11:22:49.994769,49.99
11:22:51.785821,50.00
11:22:52.096943,49.99
11:22:52.273142,50.00
11:22:56.299868,49.99
11:23:04.842392,50.00
11:23:08.745057,49.99
11:23:08.888696,50.00
11:23:11.119304,49.99
11:23:11.300892,50.00
11:23:11.739238,49.99
11:23:13.383005,50.00
11:23:19.837684,50.01
11:23:25.833911,50.00
11:23:27.792716,50.01
11:23:30.791151,50.00
11:23:31.242838,50.01
11:23:31.386804,50.00
11:23:31.546100,50.01
11:23:32.135903,50.00
11:23:32.287346,50.01
11:23:48.046426,50.00
11:23:48.489041,50.01
11:23:48.648840,50.00
11:23:48.951406,50.01
11:23:49.246855,50.00
11:23:49.391345,50.01
11:23:49.537305,50.00
11:23:49.695037,50.01
11:23:50.312142,50.00
11:23:50.743736,50.01
11:23:51.189644,50.00
11:23:51.340070,50.01
11:23:59.290992,50.02
11:24:00.933562,50.01
11:24:03.940409,50.00
11:24:04.101436,50.01
11:24:04.229517,50.00
11:24:04.844067,50.01
11:24:04.971543,50.00
11:24:10.097265,49.99
11:24:10.673169,50.00
11:24:12.941279,49.99
11:24:13.102148,50.00
11:24:13.235055,49.99
11:24:15.940557,50.00
11:24:16.092419,49.99
11:24:16.261348,50.00
11:24:17.592251,49.99
11:24:21.040920,49.98
11:24:26.891161,49.97
11:24:27.035012,49.98
11:24:27.194502,49.97
11:24:27.337501,49.98
11:24:31.680764,49.99
11:24:36.794655,50.00
11:24:39.785452,50.01
11:24:39.952181,50.00
11:24:40.097613,50.01
11:24:40.255459,50.00
11:24:40.382942,50.01
11:24:42.030705,50.00
11:24:42.195171,50.01
11:24:43.706831,50.00
11:24:55.839324,50.01
11:24:56.003935,50.00
11:24:58.849512,50.01
11:25:02.294972,50.00
11:25:02.434090,50.01
11:25:02.755359,50.00
11:25:03.181825,50.01
11:25:03.633562,50.00
11:25:03.792283,50.01
11:25:03.939112,50.00
11:25:04.094128,50.01
11:25:04.237118,50.00
11:25:10.532125,49.99
11:25:10.692476,50.00
11:25:10.845034,49.99
11:25:10.999550,50.00
11:25:34.265545,50.01
11:25:47.885291,50.00
11:25:54.484180,50.01
11:25:58.683837,50.02
11:25:58.987144,50.01
11:25:59.274412,50.02
11:26:00.493783,50.01
11:26:00.636953,50.02
11:26:01.083064,50.01
11:26:01.290849,50.02
11:26:01.394739,50.01
11:26:04.406149,50.02
11:26:04.533672,50.01
11:26:19.995443,50.02
11:26:21.940514,50.01
11:26:22.084275,50.02
11:26:22.988725,50.01
11:26:23.133051,50.02
11:26:23.439582,50.01
11:26:23.744992,50.02
11:26:23.889179,50.01
11:26:24.203172,50.02
11:26:24.934190,50.01
11:26:25.083092,50.02
11:26:25.242923,50.01
11:26:25.370212,50.02
11:26:25.548981,50.01
11:26:25.844734,50.02
11:26:26.743713,50.01
11:26:26.897952,50.02
11:26:27.044413,50.01
11:26:27.177781,50.02
11:26:32.433472,50.01
11:26:32.746909,50.02
11:26:34.081608,50.01
11:26:38.146015,50.02
11:26:38.277820,50.01
11:26:38.423435,50.02
11:26:38.599326,50.01
11:26:40.547650,50.02
11:26:45.042720,50.01
11:26:45.194458,50.02
11:26:50.435859,50.03
11:26:56.145881,50.02
11:26:56.289633,50.03
11:26:56.897553,50.02
11:27:00.485673,50.03
11:27:00.645465,50.02
11:27:01.547523,50.03
11:27:01.841309,50.02
11:27:08.735843,50.03
11:27:09.049546,50.02
11:27:09.496715,50.03
11:27:13.228288,50.02
11:27:13.396640,50.03
11:27:13.540556,50.02
11:27:31.700302,50.03
11:27:39.493547,50.02
11:27:39.636556,50.03
11:27:39.804157,50.02
11:27:41.740991,50.03
11:27:42.035183,50.02
11:27:42.337122,50.03
11:27:42.482237,50.02
11:27:43.688154,50.03
11:27:43.847277,50.02
11:27:45.628828,50.03
11:27:48.183456,50.02
11:27:51.194397,50.03
11:27:51.936355,50.02
11:27:52.232802,50.03
11:28:09.043700,50.02
11:28:09.188335,50.03
11:28:19.234249,50.04
11:28:20.136382,50.03
11:28:52.993372,50.02
11:28:53.136334,50.03
11:28:53.296226,50.02
11:28:53.591628,50.03
11:28:54.189678,50.02
11:28:54.333633,50.03
11:29:10.841463,50.04
11:29:15.651217,50.03
11:29:15.936248,50.04
11:29:16.095381,50.03
11:29:16.537723,50.04
11:29:16.692115,50.03
11:29:16.825365,50.04
11:29:16.984417,50.03
11:29:17.129175,50.04
11:29:20.137005,50.03
11:29:20.589589,50.04
11:29:20.747958,50.03
11:29:21.341547,50.04
11:29:24.495948,50.03
11:29:30.328473,50.02
11:29:30.487316,50.03
11:29:44.588739,50.02
11:29:44.757363,50.03
11:29:45.337115,50.02
11:29:47.289200,50.03
11:29:47.433086,50.02
11:29:47.592078,50.03
11:29:47.733553,50.02
11:29:47.877108,50.03
11:29:55.095797,50.02
11:29:55.271532,50.03
11:29:57.940976,50.02
11:30:01.688297,50.03
11:30:01.830697,50.02
11:30:04.845895,50.01
11:30:04.997571,50.02
11:30:05.443833,50.01
11:30:05.595167,50.02
11:30:05.738591,50.01
11:30:07.847166,50.00
11:30:09.490963,50.01
11:30:13.982641,50.00
11:30:14.132948,50.01
11:30:19.247544,50.00
11:30:22.397683,49.99
11:30:22.535649,50.00
11:30:22.694266,49.99
11:30:26.137942,50.00
11:30:26.288598,49.99
11:30:31.838409,49.98
11:30:36.945303,49.97
11:30:37.249164,49.98
11:30:37.393052,49.97
11:30:37.521698,49.98
11:30:37.680992,49.97
11:30:37.845895,49.98
11:30:37.991931,49.97
11:30:38.148168,49.98
11:30:38.283569,49.97
11:30:38.449515,49.98
11:30:39.183618,49.97
11:30:39.654641,49.98
11:30:39.790243,49.97
11:30:43.230691,49.98
11:30:53.742056,49.97
11:30:53.889452,49.98
11:30:54.033280,49.97
11:31:06.646682,49.98
11:31:09.186873,49.97
11:31:09.490578,49.98
11:31:09.634503,49.97
11:31:09.787957,49.98
11:31:09.932186,49.97
11:31:11.459909,49.98
11:31:11.746129,49.97
11:31:14.586322,49.96
11:31:14.746900,49.97
11:31:15.343310,49.96
11:31:25.693247,49.95
11:31:25.832677,49.96
11:31:25.999121,49.95
11:31:26.285726,49.96
11:31:31.690746,49.97
11:31:31.855110,49.96
11:31:32.137760,49.97
11:31:33.032240,49.96
11:31:33.192297,49.97
11:31:33.335829,49.96
11:31:37.992439,49.97
11:31:39.350524,49.96
11:31:39.494078,49.97
11:31:54.791242,49.96
11:31:57.346980,49.95
11:32:05.143474,49.96
11:32:05.742644,49.95
11:32:06.046243,49.96
11:32:06.355102,49.95
11:32:06.643380,49.96
11:32:06.786421,49.95
11:32:15.189955,49.96
11:32:15.332880,49.95
11:32:15.483614,49.96
11:32:15.647018,49.95
11:32:20.894925,49.94
11:32:21.041485,49.95
11:32:25.993246,49.96
11:32:26.581918,49.95
11:32:26.741853,49.96
11:32:26.885920,49.95
11:32:28.097090,49.96
11:32:28.272247,49.95
11:32:29.149552,49.96
11:32:29.292548,49.95
11:32:29.572069,49.96
11:32:37.102626,49.97
11:32:37.385813,49.96
11:32:37.545097,49.97
11:32:39.941666,49.96
11:32:41.748170,49.97
11:32:41.899595,49.96
11:32:42.639690,49.97
11:32:44.002426,49.96
11:32:47.734814,49.97
11:32:51.484744,49.98
11:32:51.644738,49.97
11:32:51.787318,49.98
11:32:56.147745,49.97
11:32:56.291707,49.98
11:32:57.803932,49.97
11:33:02.292441,49.96
11:33:10.242549,49.97
11:33:11.147447,49.96
11:33:11.291356,49.97
11:33:11.435023,49.96
11:33:11.588084,49.97
11:33:11.747188,49.96
11:33:15.196828,49.97
11:33:15.347799,49.96
11:33:15.490699,49.97
11:33:17.436736,49.96
11:33:18.651237,49.97
11:33:18.826146,49.96
11:33:18.974053,49.97
11:33:22.095718,49.96
11:33:24.794537,49.97
11:33:25.068151,49.96
11:33:25.249751,49.97
11:33:25.543107,49.96
11:33:29.288081,49.97
11:33:30.341557,49.96
11:33:57.634331,49.97
11:34:00.344409,49.96
11:34:00.501667,49.97
11:34:01.089789,49.96
11:34:01.233675,49.97
11:34:02.286454,49.96
11:34:07.281381,49.97
11:34:08.145688,49.96
11:34:08.297376,49.97
11:34:28.684004,49.98
11:34:33.493352,49.99
11:34:35.134349,49.98
11:34:35.294346,49.99
11:34:39.490635,49.98
11:34:43.390677,49.99
11:34:43.531102,49.98
11:34:54.789642,49.99
11:34:54.942587,49.98
11:34:55.086896,49.99
11:34:55.246995,49.98
11:34:55.389858,49.99
11:34:56.443060,49.98
11:34:56.587620,49.99
11:34:57.059162,49.98
11:34:57.186427,49.99
11:35:00.201598,49.98
11:35:12.036450,49.97
11:35:12.490876,49.98
11:35:12.634937,49.97
11:35:12.777916,49.98
11:35:13.078335,49.97
11:35:13.223709,49.98
11:35:13.543530,49.97
11:35:13.686044,49.98
11:35:13.844829,49.97
11:35:14.890386,49.98
11:35:15.041158,49.97
11:35:16.685294,49.98
11:35:16.854592,49.97
11:35:16.998305,49.98
11:35:19.993828,49.97
11:35:20.297808,49.98
11:35:20.440864,49.97
11:35:20.584026,49.98
11:35:20.727542,49.97
11:35:22.850641,49.98
11:35:22.994346,49.97
11:35:23.604299,49.98
11:35:23.888002,49.97
11:35:24.349234,49.98
11:35:24.782110,49.97
11:35:25.086879,49.98
11:35:25.246110,49.97
11:35:26.582199,49.98
11:35:26.890651,49.97
11:35:27.053647,49.98
11:35:41.435351,49.99
11:35:43.091239,49.98
11:35:49.997102,49.99
11:35:50.147239,49.98
11:35:50.290677,49.99
11:35:53.587896,49.98
11:36:08.745394,49.99
11:36:08.888807,49.98
11:36:09.359360,49.99
11:36:09.496133,49.98
11:36:09.640548,49.99
11:36:09.783958,49.98
11:36:09.943928,49.99
11:36:10.087506,49.98
11:36:14.592359,49.99
11:36:14.735477,49.98
11:36:19.983446,49.97
11:36:20.290662,49.98
11:36:20.449272,49.97
11:36:20.591359,49.98
11:36:23.881517,49.97
11:36:30.490374,49.98
11:36:48.624616,49.99
11:36:49.988417,49.98
11:36:51.637824,49.99
11:36:51.796291,49.98
11:36:51.940764,49.99
11:36:52.243020,49.98
11:36:52.386725,49.99
11:36:52.554769,49.98
11:36:52.697299,49.99
11:36:57.647861,50.00
11:36:57.790388,49.99
11:36:57.934539,50.00
11:37:04.246122,49.99
11:37:05.309664,50.00
11:37:05.879241,49.99
11:37:11.589624,49.98
11:37:11.742017,49.99
11:37:11.885979,49.98
11:37:12.046717,49.99
11:37:12.197449,49.98
11:37:12.346826,49.99
11:37:12.641946,49.98
11:37:12.809233,49.99
11:37:13.250241,49.98
11:37:14.443671,49.99
11:37:15.039353,49.98
11:37:15.496526,49.99
11:37:15.807658,49.98
11:37:16.406905,49.99
11:37:16.541081,49.98
11:37:16.698077,49.99
11:37:16.841725,49.98
11:37:25.393532,49.97
11:37:25.545873,49.98
11:37:25.689675,49.97
11:37:25.833599,49.98
11:37:31.387108,49.99
11:37:31.963453,49.98
11:37:34.996436,49.99
11:37:48.921419,50.00
11:38:04.541390,49.99
11:38:05.289768,50.00
11:38:05.436161,49.99
11:38:07.848593,50.00
11:38:07.992414,49.99
11:38:08.136352,50.00
11:38:15.490370,49.99
11:38:15.928700,50.00
11:38:19.984124,50.01
11:38:34.236047,50.00
11:38:34.388691,50.01
11:38:35.290223,50.00
11:38:35.440390,50.01
11:38:35.584439,50.00
11:38:35.888530,50.01
11:38:36.040413,50.00
11:38:38.597203,50.01
11:38:50.142699,50.00
11:38:50.289745,50.01
11:38:50.443546,50.00
11:38:50.897101,50.01
11:38:51.039432,50.00
11:38:52.693779,50.01
11:38:52.853756,50.00
11:38:53.292855,50.01
11:38:53.443562,50.00
11:38:53.587551,50.01
11:38:53.747542,50.00
11:39:01.997646,50.01
11:39:02.317179,50.00
11:39:02.467716,50.01
11:39:03.954245,50.00
11:39:04.091074,50.01
11:39:32.284162,50.00
11:39:33.496311,50.01
11:39:33.941541,50.00
11:39:34.083951,50.01
11:39:39.335346,50.02
11:39:44.135237,50.01
11:39:47.736682,50.02
11:39:49.080010,50.01
11:39:49.272031,50.02
11:39:49.381571,50.01
11:39:52.548642,50.02
11:39:52.692686,50.01
11:39:52.844396,50.02
11:39:52.987530,50.01
11:39:53.131561,50.02
11:39:53.440263,50.01
11:39:53.584603,50.02
11:39:53.743752,50.01
11:39:53.882093,50.02
11:39:54.046900,50.01
11:39:54.784963,50.02
11:39:54.937141,50.01
11:39:55.096315,50.02
11:39:55.239497,50.01
11:39:55.383898,50.02
11:39:55.535676,50.01
11:39:55.695406,50.02
11:39:55.838116,50.01
11:39:56.298149,50.02
11:40:00.035572,50.01
11:40:00.199016,50.02
11:40:03.185104,50.01
11:40:03.344238,50.02
11:40:03.505537,50.01
11:40:05.287183,50.02
11:40:05.431568,50.01
11:40:06.031715,50.02
11:40:07.386837,50.01
11:40:07.682396,50.02
11:40:07.842995,50.01
11:40:07.993633,50.02
11:40:08.157201,50.01
11:40:08.444129,50.02
11:40:08.588200,50.01
11:40:09.494047,50.02
11:40:18.641354,50.01
11:40:18.935684,50.02
11:40:27.641617,50.03
11:40:37.232839,50.02
11:40:37.535567,50.03
11:40:37.697800,50.02
11:40:38.143262,50.03
11:40:38.281895,50.02
11:40:44.271286,50.03
11:40:44.426846,50.02
11:40:50.150626,50.03
11:40:50.294587,50.02
11:40:56.900528,50.03
11:40:57.034816,50.02
11:40:57.481457,50.03
11:41:04.841819,50.02
11:41:04.985300,50.03
11:41:12.497276,50.04
11:41:30.182473,50.03
11:41:31.689331,50.04
11:41:31.842564,50.03
11:41:32.282600,50.04
11:41:32.433779,50.03
11:41:32.593961,50.04
11:41:32.737620,50.03
11:41:32.881377,50.04
11:41:33.040383,50.03
11:41:35.745503,50.04
11:41:36.046423,50.03
11:41:36.794541,50.04
11:41:37.082790,50.03
11:41:43.093839,50.02
11:41:43.684624,50.03
11:41:43.844312,50.02
11:41:45.647899,50.03
11:41:46.980353,50.02
11:41:52.692345,50.03
11:42:03.482363,50.02
11:42:14.586610,50.03
11:42:15.039391,50.02
11:42:15.189095,50.03
11:42:15.336232,50.02
11:42:15.495056,50.03
11:42:17.460816,50.02
11:42:17.596635,50.03
11:42:17.740618,50.02
11:42:29.439627,50.03
11:42:30.206534,50.02
11:42:30.334842,50.03
11:42:30.479148,50.02
11:42:30.639147,50.03
11:42:31.093653,50.02
11:42:47.272861,50.01
11:42:47.432755,50.02
11:42:47.577253,50.01
11:42:47.736886,50.02
11:42:48.041272,50.01
11:42:48.631634,50.02
11:42:48.783414,50.01
11:42:48.927115,50.02
11:42:51.485164,50.01
11:42:51.629419,50.02
11:42:51.773695,50.01
11:42:51.941692,50.02
11:42:58.544895,50.03
11:42:58.687771,50.02
11:42:59.141221,50.03
11:42:59.437227,50.02
11:43:00.631869,50.03
11:43:00.800279,50.02
11:43:01.541695,50.03
11:43:01.842549,50.02
11:43:01.986543,50.03
11:43:02.145089,50.02
11:43:02.593928,50.03
11:43:02.744607,50.02
11:43:07.985321,50.01
11:43:08.145109,50.02
11:43:08.288954,50.01
11:43:08.433430,50.02
11:43:08.745893,50.01
11:43:08.888502,50.02
11:43:09.032651,50.01
11:43:12.504026,50.02
11:43:25.682175,50.01
11:43:25.848893,50.02
11:43:26.002516,50.01
11:43:26.137609,50.02
11:43:26.303096,50.01
11:43:26.434479,50.02
11:43:26.598556,50.01
11:43:27.183107,50.02
11:43:27.342691,50.01
11:44:00.044300,50.00
11:44:00.339210,50.01
11:44:00.481925,50.00
11:44:00.647844,50.01
11:44:00.808115,50.00
11:44:01.999317,50.01
11:44:02.309551,50.00
11:44:02.597585,50.01
11:44:13.837751,50.00
11:44:13.997561,50.01
11:44:14.133174,50.00
11:44:14.601584,50.01
11:44:14.744775,50.00
11:44:15.183724,50.01
11:44:15.487509,50.00
11:44:15.638135,50.01
11:44:15.804586,50.00
11:44:17.143458,50.01
11:44:18.188519,50.00
11:44:18.339599,50.01
11:44:24.204186,50.02
11:44:29.135189,50.03
11:44:29.295258,50.02
11:44:29.446736,50.03
11:44:29.733717,50.02
11:44:32.440670,50.01
11:44:32.592515,50.02
11:44:32.739594,50.01
11:44:33.338245,50.02
11:44:33.481635,50.01
11:44:33.640923,50.02
11:44:34.543706,50.01
11:44:38.291006,50.02
11:44:42.634294,50.03
11:44:46.401380,50.04
11:44:46.831766,50.03
11:45:04.087738,50.02
11:45:08.000284,50.01
11:45:13.991289,50.00
11:45:14.134774,50.01
11:45:14.294360,50.00
11:45:15.043170,50.01
11:45:15.191304,50.00
11:45:17.447557,49.99
11:45:24.341462,49.98
11:45:24.494050,49.99
11:45:24.641287,49.98
11:45:25.097893,49.99
11:45:28.083170,49.98
11:45:37.535357,49.99
11:45:38.294946,49.98
11:45:38.446053,49.99
11:45:38.574199,49.98
11:45:59.431016,49.97
11:46:03.487115,49.96
11:46:20.287630,49.95
11:46:20.433990,49.96
11:46:20.591567,49.95
11:46:21.636096,49.96
11:46:21.784491,49.95
11:46:22.090519,49.96
11:46:22.234312,49.95
11:46:22.534817,49.96
11:46:22.843672,49.95
11:46:23.290140,49.96
11:46:31.850015,49.97
11:46:42.945760,49.96
11:46:50.597676,49.95
11:46:50.741485,49.96
11:46:54.045814,49.95
11:46:54.184446,49.96
11:46:54.470468,49.95
11:46:54.638594,49.96
11:46:54.796089,49.95
11:46:55.541160,49.96
11:46:55.692998,49.95
11:46:55.836552,49.96
11:46:56.124338,49.95
11:46:56.289879,49.96
11:46:56.443787,49.95
11:46:56.590451,49.96
11:47:06.781449,49.95
11:47:16.230096,49.94
11:47:16.406473,49.95
11:47:26.292437,49.94
11:47:26.444331,49.95
11:47:27.342059,49.94
11:47:27.496673,49.95
11:47:27.637960,49.94
11:47:27.781970,49.95
11:47:28.078796,49.94
11:47:28.255480,49.95
11:47:28.542144,49.94
11:47:29.585743,49.95
11:47:34.255625,49.96
11:47:40.247975,49.97
11:47:40.398481,49.96
11:47:40.535277,49.97
11:47:40.694897,49.96
11:47:40.844942,49.97
11:47:40.988149,49.96
11:47:41.585927,49.97
11:47:45.341586,49.96
11:47:45.485514,49.97
11:47:48.790765,49.96
11:47:48.934078,49.97
11:47:49.091199,49.96
11:47:49.257508,49.97
11:47:49.384741,49.96
11:47:49.688533,49.97
11:47:55.093020,49.98
11:47:55.396488,49.97
11:47:55.540740,49.98
11:47:55.843652,49.97
11:47:55.986997,49.98
11:47:56.147875,49.97
11:47:56.291304,49.98
11:47:56.435366,49.97
11:47:56.595268,49.98
11:47:56.887036,49.97
11:48:27.638725,49.96
11:48:27.782763,49.97
11:48:28.095072,49.96
11:48:37.280421,49.97
11:48:37.424426,49.96
11:48:45.472122,49.97
11:48:45.645778,49.96
11:48:45.789367,49.97
11:48:47.298580,49.96
11:48:49.687068,49.97
11:48:51.781364,49.96
11:48:52.092766,49.97
11:48:52.246908,49.96
11:48:52.401950,49.97
11:48:52.545455,49.96
11:48:52.688366,49.97
11:48:55.231595,49.98
11:48:55.390869,49.97
11:48:55.694022,49.98
11:48:55.845668,49.97
11:48:56.274462,49.98
11:49:00.797103,49.99
11:49:00.945791,49.98
11:49:01.232478,49.99
11:49:01.399270,49.98
11:49:01.688004,49.99
11:49:01.976065,49.98
11:49:02.146053,49.99
11:49:02.279622,49.98
11:49:05.140337,49.99
11:49:17.447713,50.00
11:49:17.588590,49.99
11:49:17.755211,50.00
11:49:17.899584,49.99
11:49:18.187777,50.00
11:49:21.480520,50.01
11:49:27.791197,50.00
11:49:32.286338,49.99
11:49:32.601776,50.00
11:49:32.745724,49.99
11:49:36.790191,49.98
11:49:37.244307,49.99
11:49:37.380821,49.98
11:49:40.670960,49.99
11:49:43.685860,50.00
11:49:43.830714,49.99
11:49:43.990089,50.00
11:49:44.133495,49.99
11:49:44.269140,50.00
11:49:48.640608,50.01
11:49:48.785153,50.00
11:49:57.035707,49.99
11:50:00.328849,50.00
11:50:07.699499,50.01
11:50:07.844280,50.00
11:50:08.142786,50.01
11:50:22.098697,50.00
11:50:29.874739,49.99
11:50:31.984239,50.00
11:50:32.133911,49.99
11:50:32.301880,50.00
11:50:32.453385,49.99
11:50:32.573555,50.00
11:50:33.046098,49.99
11:50:33.188687,50.00
11:50:33.787603,49.99
11:50:34.081643,50.00
11:50:34.232719,49.99
11:50:34.375692,50.00
11:50:34.536017,49.99
11:50:45.497791,50.00
11:50:45.933948,49.99
11:50:46.093727,50.00
11:50:46.694310,49.99
11:50:48.179582,50.00
11:50:52.092400,49.99
11:50:52.240739,50.00
11:50:52.384769,49.99
11:50:52.544857,50.00
11:50:52.687808,49.99
11:50:52.974342,50.00
11:51:02.290743,49.99
11:51:03.495219,50.00
11:51:04.092384,49.99
11:51:04.336061,50.00
11:51:04.539994,49.99
11:51:04.987102,50.00
11:51:05.137798,49.99
11:51:06.496249,50.00
11:51:06.782108,49.99
11:51:06.932066,50.00
11:51:17.282739,50.01
11:51:26.896694,50.02
11:51:27.024654,50.01
11:51:27.186150,50.02
11:51:27.350223,50.01
11:51:28.536036,50.02
11:51:36.636342,50.03
11:51:40.841375,50.02
11:51:44.884081,50.01
11:51:48.789144,50.02
11:51:49.094703,50.01
11:51:49.327160,50.02
11:51:49.547658,50.01
11:51:50.428281,50.02
11:51:54.631220,50.03
11:51:54.785858,50.02
11:51:54.949204,50.03
11:52:05.886645,50.02
11:52:06.189852,50.03
11:52:06.325100,50.02
11:52:15.496310,50.01
11:52:15.639631,50.02
11:52:16.545767,50.01
11:52:22.081560,50.00
11:52:22.541686,50.01
11:52:22.835533,50.00
11:52:23.136949,50.01
11:52:23.432364,50.00
11:52:23.591972,50.01
11:52:24.942750,50.00
11:52:25.103052,50.01
11:52:25.281126,50.00
11:52:27.335148,50.01
11:52:32.588657,50.02
11:52:35.575597,50.01
11:52:46.394176,50.02
11:52:55.382483,50.03
11:53:04.988549,50.02
11:53:05.133971,50.03
11:53:05.289154,50.02
11:53:05.442469,50.03
11:53:05.593153,50.02
11:53:05.744339,50.03
11:53:07.093732,50.02
11:53:07.254114,50.03
11:53:10.542802,50.04
11:53:10.685814,50.03
11:53:11.445100,50.04
11:53:12.033073,50.03
11:53:12.192358,50.04
11:53:12.666889,50.03
11:53:12.794417,50.04
11:53:12.937910,50.03
11:53:13.090186,50.04
11:53:14.742607,50.03
11:53:14.885996,50.04
11:53:15.046581,50.03
11:53:15.499428,50.04
11:53:16.090578,50.03
11:53:23.885500,50.02
11:53:24.044581,50.03
11:53:25.087767,50.02
11:53:25.256829,50.03
11:53:25.685495,50.02
11:53:32.738661,50.01
11:53:32.886961,50.02
11:53:33.039269,50.01
11:53:34.092594,50.02
11:53:34.219734,50.01
11:53:34.405991,50.02
11:53:34.525231,50.01
11:53:35.444168,50.02
11:53:35.587534,50.01
11:53:35.746663,50.02
11:53:36.042986,50.01
11:53:37.383399,50.02
11:53:37.998316,50.01
11:53:38.141584,50.02
11:53:42.630126,50.03
11:53:42.798984,50.02
11:53:42.951651,50.03
11:53:43.087511,50.02
11:53:43.231640,50.03
11:53:43.390531,50.02
11:53:43.529074,50.03
11:53:44.289880,50.02
11:53:44.455379,50.03
11:53:44.600231,50.02
11:53:45.640890,50.03
11:53:50.590629,50.04
11:53:50.901865,50.03
11:53:51.202472,50.04
11:53:54.641467,50.05
11:54:01.849026,50.06
11:54:01.992158,50.05
11:54:30.192153,50.06
11:54:30.329917,50.05
11:54:30.485353,50.06
11:54:30.645485,50.05
11:54:32.608000,50.06
11:54:32.743739,50.05
11:54:33.653638,50.06
11:54:33.782020,50.05
11:54:33.941750,50.06
11:54:34.085758,50.05
11:54:34.228531,50.06
11:54:34.532628,50.05
11:54:41.594821,50.04
11:54:41.738710,50.05
11:54:51.629044,50.06
11:54:51.796146,50.05
11:54:52.082002,50.06
11:54:52.233578,50.05
11:55:00.342360,50.06
11:55:02.163228,50.05
11:55:05.292666,50.06
11:55:05.443955,50.05
11:55:12.959406,50.06
11:55:13.244948,50.05
11:55:13.403022,50.06
11:55:16.681443,50.05
11:55:17.126509,50.06
11:55:17.299884,50.05
11:55:24.504446,50.04
11:55:24.631880,50.05
11:55:24.775881,50.04
11:55:24.935718,50.05
11:55:29.595348,50.06
11:55:29.738659,50.05
11:55:29.894272,50.06
11:55:30.017154,50.05
11:55:31.689421,50.06
11:55:31.832566,50.05
11:55:31.983058,50.06
11:55:32.126846,50.05
11:55:32.283070,50.06
11:55:32.602519,50.05
11:55:32.881886,50.06
11:55:45.791742,50.05
11:55:45.941768,50.06
11:55:46.827061,50.05
11:55:47.147307,50.06
11:55:47.293939,50.05
11:55:47.438439,50.06
11:55:47.586832,50.05
11:55:48.345105,50.06
11:55:48.929645,50.05
11:55:49.252622,50.06
11:55:49.390854,50.05
11:55:49.544408,50.06
11:55:50.144411,50.05
11:55:50.287415,50.06
11:55:50.447652,50.05
11:55:50.584715,50.06
11:55:50.745260,50.05
11:55:50.888576,50.06
11:55:52.544667,50.05
11:55:52.696111,50.06
11:55:52.840168,50.05
11:55:52.983483,50.06
11:55:53.152707,50.05
11:55:53.295604,50.06
11:55:53.437074,50.05
11:55:54.034982,50.06
11:55:54.338763,50.05
11:55:54.482450,50.06
11:55:54.641510,50.05
11:55:55.097100,50.06
11:55:55.248322,50.05
11:55:55.401024,50.06
11:55:59.146176,50.05
11:55:59.289800,50.06
11:55:59.729675,50.05
11:55:59.888007,50.06
11:56:01.848114,50.05
11:56:01.995072,50.06
11:56:03.339954,50.05
11:56:03.484367,50.06
11:56:03.793843,50.05
11:56:09.495767,50.06
11:56:09.650693,50.05
11:56:09.789328,50.06
11:56:17.291351,50.07
11:56:17.435273,50.06
11:56:17.595835,50.07
11:56:17.739689,50.06
11:56:17.883868,50.07
11:56:18.047640,50.06
11:56:18.341237,50.07
11:56:18.645734,50.06
11:56:18.788796,50.07
11:56:18.930532,50.06
11:56:24.629649,50.05
11:56:24.789883,50.06
11:56:25.248737,50.05
11:56:25.387029,50.06
11:56:25.537851,50.05
11:56:25.697697,50.06
11:56:26.137009,50.05
11:56:26.296814,50.06
11:56:26.440945,50.05
11:56:27.046203,50.06
11:56:27.931653,50.05
11:56:28.441270,50.06
11:56:28.537301,50.05
11:56:35.748020,50.04
11:56:36.066486,50.05
11:56:36.213639,50.04
11:56:37.994852,50.05
11:56:38.147181,50.04
11:56:38.296925,50.05
11:56:42.954366,50.06
11:56:46.678323,50.05
11:56:46.837451,50.06
11:56:47.138634,50.05
11:57:00.934437,50.04
11:57:01.253133,50.05
11:57:01.683106,50.04
11:57:01.985334,50.05
11:57:02.136556,50.04
11:57:08.293807,50.05
11:57:08.445123,50.04
11:57:16.533142,50.03
11:57:16.677562,50.04
11:57:16.837174,50.03
11:57:17.435354,50.04
11:57:17.738865,50.03
11:57:17.883037,50.04
11:57:18.041835,50.03
11:57:18.205314,50.04
11:57:18.343903,50.03
11:57:18.489108,50.04
11:57:18.793896,50.03
11:57:19.536462,50.04
11:57:20.722601,50.03
11:57:20.882749,50.04
11:57:24.929625,50.05
11:57:27.478775,50.06
11:57:27.782142,50.05
11:57:27.926242,50.06
11:57:28.237985,50.05
11:57:28.381208,50.06
11:57:34.241301,50.05
11:57:34.823814,50.06
11:57:35.166405,50.05
11:57:35.278495,50.06
11:57:35.474466,50.05
11:57:47.575623,50.06
11:57:48.038923,50.05
11:57:48.201876,50.06
11:57:49.996250,50.05
11:57:50.133037,50.06
11:57:50.292824,50.05
11:57:51.479559,50.06
11:57:52.403248,50.05
11:57:52.545781,50.06
11:57:52.689384,50.05
11:57:52.857173,50.06
11:57:54.795806,50.05
11:57:56.139948,50.06
11:57:56.283558,50.05
11:57:56.442645,50.06
11:58:01.405270,50.07
11:58:02.586393,50.06
11:58:09.349095,50.05
11:58:09.500423,50.06
11:58:32.429337,50.05
11:58:37.244952,50.04
11:58:37.843429,50.05
11:58:38.122487,50.04
11:58:40.693367,50.05
11:58:40.836975,50.04
11:58:41.148407,50.05
11:58:41.433787,50.04
11:58:47.733595,50.03
11:58:47.892453,50.04
11:58:49.235213,50.03
11:58:49.538587,50.04
11:58:51.340013,50.03
11:58:51.487411,50.04
11:58:51.642504,50.03
11:58:51.778293,50.04
11:58:52.095333,50.03
11:58:52.990947,50.04
11:59:02.597446,50.03
11:59:02.736566,50.04
11:59:04.245103,50.03
11:59:04.556173,50.04
11:59:04.688588,50.03
11:59:05.746325,50.04
11:59:05.889631,50.03
11:59:06.040098,50.04
11:59:06.781806,50.03
11:59:06.939084,50.04
11:59:07.250423,50.03
11:59:07.531171,50.04
11:59:07.682525,50.03
11:59:08.130928,50.04
11:59:08.282974,50.03
11:59:08.431843,50.04
11:59:08.585759,50.03
11:59:09.025821,50.04
11:59:09.196766,50.03
11:59:09.795675,50.04
11:59:10.082894,50.03
11:59:10.474650,50.04
11:59:11.574953,50.03
11:59:11.742102,50.04
11:59:11.909501,50.03
11:59:12.197643,50.04
11:59:12.325257,50.03
11:59:13.082507,50.04
11:59:18.481557,50.03
11:59:24.635342,50.02
11:59:24.792562,50.03
11:59:24.945186,50.02
11:59:25.082199,50.03
11:59:25.257235,50.02
11:59:25.392667,50.03
11:59:25.989522,50.02
11:59:26.140355,50.03
11:59:26.435230,50.02
11:59:30.186903,50.03
11:59:30.635541,50.02
11:59:30.795623,50.03
11:59:34.092343,50.04
11:59:34.235729,50.03
11:59:34.399577,50.04
11:59:51.045011,50.03
11:59:51.181590,50.04
11:59:51.341333,50.03
11:59:51.793131,50.04
11:59:51.945927,50.03
11:59:52.096412,50.04
11:59:52.230974,50.03
11:59:53.146295,50.04
11:59:53.441413,50.03
11:59:53.602678,50.04
12:00:02.289781,50.03
12:00:02.443452,50.04
12:00:02.587151,50.03
12:00:02.754339,50.04
12:00:02.886603,50.03
12:00:04.835564,50.02
12:00:05.146374,50.03
12:00:05.295288,50.02
12:00:09.343450,50.01
12:00:09.806034,50.02
12:00:09.943230,50.01
12:00:10.087042,50.02
12:00:10.238259,50.01
12:00:11.431171,50.02
12:00:11.590948,50.01
12:00:14.142373,50.00
12:00:16.548379,49.99
12:00:16.739877,50.00
12:00:16.994422,49.99
12:00:19.539050,49.98
12:00:23.288024,49.97
12:00:23.430272,49.98
12:00:23.585668,49.97
12:00:34.383356,49.96
12:00:34.553062,49.97
12:00:45.621724,49.96
12:00:46.084695,49.97
12:00:46.239933,49.96
12:00:49.093070,49.95
12:01:06.340129,49.94
12:01:06.487675,49.95
12:01:08.281526,49.94
12:01:08.597266,49.95
12:01:08.736003,49.94
12:01:08.878031,49.95
12:01:09.016444,49.94
12:01:09.170760,49.95
12:01:09.345833,49.94
12:01:12.634838,49.95
12:01:12.949951,49.94
12:01:13.088708,49.95
12:01:13.392785,49.94
12:01:13.536636,49.95
12:01:14.595971,49.94
12:01:16.387512,49.95
12:01:16.543759,49.94
12:01:17.118141,49.95
12:01:19.990401,49.96
12:01:20.158218,49.95
12:01:20.292638,49.96
12:01:22.389271,49.97
12:01:22.533085,49.96
12:01:22.971024,49.97
12:01:34.693467,49.96
12:01:34.994836,49.97
12:01:37.388740,49.96
12:01:41.159128,49.97
12:01:41.300460,49.96
12:01:41.443346,49.97
12:01:46.536762,49.98
12:01:47.294411,49.97
12:01:47.422254,49.98
12:01:47.597406,49.97
12:01:48.043882,49.98
12:01:54.491823,49.99
12:01:54.650438,49.98
12:01:55.073204,49.99
12:01:59.278382,50.00
12:02:10.081743,50.01
12:02:10.327824,50.00
12:02:10.369798,50.01
12:02:10.537802,50.00
12:02:11.893881,50.01
12:02:12.032065,50.00
12:02:12.170623,50.01
12:02:12.332194,50.00
12:02:12.489926,50.01
12:02:12.617763,50.00
12:02:13.992626,50.01
12:02:14.280598,50.00
12:02:16.096877,50.01
12:02:26.606439,50.02
12:02:31.371920,50.03
12:02:31.531592,50.02
12:02:31.700275,50.03
12:02:31.982440,50.02
12:02:34.832133,50.03
12:02:34.984514,50.02
12:02:35.127767,50.03
12:02:35.436275,50.02
12:02:35.604724,50.03
12:02:50.584039,50.02
12:02:50.752716,50.03
12:02:51.931858,50.02
12:02:52.091530,50.03
12:02:52.692129,50.02
12:02:52.835505,50.03
12:02:52.985887,50.02
12:02:53.287241,50.03
12:02:53.423064,50.02
12:02:57.490742,50.03
12:02:57.657478,50.02
12:02:57.795002,50.03
12:02:57.938071,50.02
12:02:58.098198,50.03
12:03:00.473061,50.04
12:03:05.281220,50.03
12:03:06.337497,50.04
12:03:06.503978,50.03
12:03:07.232534,50.04
12:03:13.830489,50.03
12:03:13.974353,50.04
12:03:14.892036,50.03
12:03:15.034567,50.04
12:03:15.177835,50.03
12:03:15.480479,50.04
12:03:15.643734,50.03
12:03:21.794160,50.04
12:03:22.831678,50.03
12:03:22.975370,50.04
12:03:23.127619,50.03
12:03:23.280571,50.04
12:03:23.583455,50.03
12:03:43.973925,50.04
12:03:44.149413,50.03
12:03:44.443731,50.04
12:03:44.587329,50.03
12:03:44.730335,50.04
12:03:45.488193,50.03
12:03:46.388938,50.04
12:03:46.530985,50.03
12:03:50.908379,50.04
12:03:51.631781,50.03
12:03:51.771212,50.04
12:03:51.948028,50.03
12:03:54.037268,50.04
12:04:02.598611,50.03
12:04:02.737769,50.04
12:04:03.334662,50.03
12:04:03.499217,50.04
12:04:03.626685,50.03
12:04:33.792134,50.04
12:04:35.882135,50.05
12:04:39.185895,50.06
12:04:39.338884,50.05
12:04:39.494180,50.06
12:04:39.646229,50.05
12:04:39.773823,50.06
12:04:40.532657,50.05
12:04:40.683132,50.06
12:04:41.438053,50.05
12:04:41.566040,50.06
12:04:42.201455,50.05
12:04:42.502433,50.06
12:04:42.637959,50.05
12:04:48.341252,50.04
12:04:48.477513,50.05
12:04:48.636419,50.04
12:04:48.797057,50.05
12:04:49.228816,50.04
12:04:49.691290,50.05
12:04:49.835541,50.04
12:04:50.017641,50.05
12:04:53.598342,50.04
12:04:53.889689,50.05
12:04:54.034309,50.04
12:04:54.194810,50.05
12:04:54.321633,50.04
12:04:54.806924,50.05
12:04:58.238173,50.04
12:04:58.398638,50.05
12:04:58.534124,50.04
12:04:58.693921,50.05
12:04:58.837593,50.04
12:04:58.997719,50.05
12:04:59.883467,50.04
12:05:00.024054,50.05
12:05:00.639864,50.04
12:05:00.783390,50.05
12:05:00.943769,50.04
12:05:09.042578,50.05
12:05:09.648682,50.04
12:05:09.792889,50.05
12:05:15.504537,50.04
12:05:15.930627,50.05
12:05:16.082990,50.04
12:05:16.975887,50.05
12:05:17.133453,50.04
12:05:17.293126,50.05
12:05:17.436585,50.04
12:05:35.895809,50.03
12:05:38.424261,50.04
12:05:42.948598,50.05
12:05:43.077498,50.04
12:05:43.378640,50.05
12:05:43.542221,50.04
12:05:43.693750,50.05
12:05:46.223369,50.04
12:05:47.140367,50.05
12:05:48.943344,50.04
12:05:50.734989,50.05
12:05:50.878951,50.04
12:05:51.035921,50.05
12:05:51.624942,50.04
12:05:51.944479,50.05
12:05:53.580359,50.04
12:05:53.732201,50.05
12:05:53.892126,50.04
12:05:54.937163,50.05
12:05:57.474074,50.04
12:05:57.653250,50.05
12:05:57.788411,50.04
12:05:59.282168,50.05
12:05:59.446673,50.04
12:05:59.596191,50.05
12:05:59.733453,50.04
12:05:59.895026,50.05
12:06:02.280545,50.04
12:06:02.449874,50.05
12:06:13.287491,50.06
12:06:13.383135,50.05
12:06:13.542476,50.06
12:06:13.670360,50.05
12:06:13.822278,50.06
12:06:13.981719,50.05
12:06:19.686184,50.04
12:06:19.830462,50.05
12:06:20.287522,50.04
12:06:20.431451,50.05
12:06:20.589826,50.04
12:06:20.747215,50.05
12:06:23.582271,50.04
12:06:28.542543,50.03
12:06:28.686501,50.04
12:06:29.580553,50.03
12:06:29.741692,50.04
12:06:31.394880,50.03
12:06:42.194073,50.02
12:06:42.934712,50.03
12:06:43.085261,50.02
12:06:43.253694,50.03
12:06:43.388077,50.02
12:06:43.539253,50.03
12:06:43.682966,50.02
12:06:43.842992,50.03
12:06:44.137966,50.02
12:06:44.439154,50.03
12:06:45.191044,50.02
12:06:45.334559,50.03
12:06:45.494784,50.02
12:06:47.884359,50.03
12:06:48.043457,50.02
12:06:48.195643,50.03
12:06:49.390545,50.02
12:06:49.533313,50.03
12:06:49.842426,50.02
12:06:56.728951,50.03
12:06:59.142378,50.02
12:06:59.733522,50.03
12:06:59.884605,50.02
12:07:00.043502,50.03
12:07:00.186646,50.02
12:07:00.627099,50.03
12:07:03.319614,50.02
12:07:05.889180,50.03
12:07:06.193093,50.02
12:07:06.344472,50.03
12:07:06.646556,50.02
12:07:09.947532,50.03
12:07:10.092331,50.02
12:07:10.235886,50.03
12:07:10.379859,50.02
12:07:10.534819,50.03
12:07:11.145339,50.02
12:07:19.233587,50.03
12:07:21.482373,50.02
12:07:22.233916,50.03
12:07:22.393360,50.02
12:07:22.684701,50.03
12:07:23.284362,50.02
12:07:35.897639,50.01
12:07:36.021341,50.02
12:07:36.181034,50.01
12:07:36.741315,50.02
12:07:36.779139,50.01
12:07:37.253953,50.02
12:07:37.397215,50.01
12:07:37.544063,50.02
12:07:37.862161,50.01
12:07:46.527641,50.02
12:07:47.876794,50.01
12:07:48.034876,50.02
12:08:00.184470,50.01
12:08:00.335314,50.02
12:08:00.802688,50.01
12:08:18.931420,50.02
12:08:19.387549,50.01
12:08:19.547204,50.02
12:08:19.691412,50.01
12:08:19.835120,50.02
12:08:20.279155,50.01
12:08:20.446801,50.02
12:08:20.589618,50.01
12:08:20.733872,50.02
12:08:21.037523,50.01
12:08:39.940224,50.00
12:08:40.245243,50.01
12:08:40.388685,50.00
12:08:40.532637,50.01
12:08:40.685095,50.00
12:08:40.845289,50.01
12:08:40.989463,50.00
12:08:41.131639,50.01
12:08:41.594382,50.00
12:08:43.538073,50.01
12:08:43.691582,50.00
12:08:44.146194,50.01
12:08:44.584081,50.00
12:08:44.743857,50.01
12:08:45.496121,50.00
12:08:45.643322,50.01
12:08:51.939341,50.00
12:08:52.241098,50.01
12:08:52.384673,50.00
12:08:52.544754,50.01
12:08:54.486931,50.00
12:08:57.622218,50.01
12:09:00.788692,50.00
12:09:00.946002,50.01
12:09:01.400531,50.00
12:09:01.544010,50.01
12:09:01.672322,50.00
12:09:01.831030,50.01
12:09:01.991459,50.00
12:09:02.134465,50.01
12:09:02.302858,50.00
12:09:02.430813,50.01
12:09:05.269683,50.00
12:09:05.444050,50.01
12:09:05.580493,50.00
12:09:05.723699,50.01
12:09:05.883071,50.00
12:09:06.332725,50.01
12:09:06.492970,50.00
12:09:07.095086,50.01
12:09:27.325995,50.00
12:09:27.485538,50.01
12:09:27.645462,50.00
12:09:27.788050,50.01
12:09:27.932384,50.00
12:09:29.733645,50.01
12:09:32.893935,50.00
12:09:33.051716,50.01
12:09:33.194505,50.00
12:09:33.638968,50.01
12:09:33.781908,50.00
12:09:33.941835,50.01
12:09:34.094342,50.00
12:09:34.238796,50.01
12:09:36.032777,50.00
12:09:41.583943,50.01
12:09:41.743951,50.00
12:09:42.621972,50.01
12:09:42.780957,50.00
12:09:42.945465,50.01
12:09:43.224098,50.00
12:09:43.539515,50.01
12:09:45.189424,50.00
12:09:45.491991,50.01
12:09:45.649111,50.00
12:09:45.937024,50.01
12:09:46.069231,50.00
12:09:46.229748,50.01
12:09:46.991407,50.00
12:09:47.137872,50.01
12:09:47.285247,50.00
12:09:47.899739,50.01
12:09:48.043372,50.00
12:09:51.175324,50.01
12:09:51.334490,50.00
12:09:51.646689,50.01
12:09:51.785397,50.00
12:09:52.088720,50.01
12:09:52.225525,50.00
12:09:52.385320,50.01
12:09:52.548599,50.00
12:09:55.088678,50.01
12:09:55.552267,50.00
12:09:55.860677,50.01
12:09:55.980944,50.00
12:09:56.435211,50.01
12:10:00.034225,50.02
12:10:00.353535,50.01
12:10:00.648028,50.02
12:10:00.799963,50.01
12:10:01.086177,50.02
12:10:01.253958,50.01
12:10:03.944575,50.00
12:10:04.103759,50.01
12:10:04.245247,50.00
12:10:06.484972,49.99
12:10:08.286316,49.98
12:10:12.060450,49.97
12:10:12.187740,49.98
12:10:13.096032,49.97
12:10:13.238634,49.98
12:10:13.392227,49.97
12:10:23.306040,49.98
12:10:24.189589,49.97
12:10:33.785163,49.98
12:10:33.933678,49.97
12:10:34.278784,49.98
12:10:36.648798,49.99
12:10:38.591199,49.98
12:10:38.734194,49.99
12:10:39.336676,49.98
12:10:40.534105,49.99
12:10:40.677791,49.98
12:10:49.669544,49.99
12:10:50.286916,49.98
12:10:50.438487,49.99
12:10:50.598776,49.98
12:10:50.743092,49.99
12:10:51.033621,49.98
12:10:51.192961,49.99
12:10:51.352319,49.98
12:10:54.346424,49.99
12:10:57.788130,50.00
12:11:03.034922,50.01
12:11:04.086185,50.00
12:11:04.236887,50.01
12:11:12.031142,50.00
12:11:13.973035,50.01
12:11:14.285120,50.00
12:11:14.762102,50.01
12:11:16.404083,50.00
12:11:16.532115,50.01
12:11:19.289161,50.00
12:11:19.394731,50.01
12:11:19.535878,50.00
12:11:19.695453,50.01
12:11:20.140961,50.00
12:11:24.796832,49.99
12:11:30.640925,49.98
12:11:41.292038,49.99
12:11:41.431064,49.98
12:11:41.590368,49.99
12:11:51.334875,49.98
12:11:52.520905,49.99
12:11:52.695176,49.98
12:11:52.840162,49.99
12:11:53.007409,49.98
12:11:58.228587,49.97
12:11:58.397176,49.98
12:12:00.941150,49.97
12:12:01.251427,49.98
12:12:01.386647,49.97
12:12:02.918237,49.98
12:12:03.036864,49.97
12:12:03.196075,49.98
12:12:09.019416,49.99
12:12:09.338125,49.98
12:12:09.474422,49.99
12:12:09.665032,49.98
12:12:09.779762,49.99
12:12:21.922657,50.00
12:12:22.679493,49.99
12:12:22.823129,50.00
12:12:22.983035,49.99
12:12:23.126587,50.00
12:12:23.453423,49.99
12:12:23.599586,50.00
12:12:23.732018,49.99
12:12:23.901324,50.00
12:12:24.784182,49.99
12:12:25.231894,50.00
12:12:25.405023,49.99
12:12:25.548823,50.00
12:12:25.839869,49.99
12:12:25.982419,50.00
12:12:26.301625,49.99
12:12:26.436436,50.00
12:12:27.192052,49.99
12:12:27.346800,50.00
12:12:27.487965,49.99
12:12:27.647903,50.00
12:12:27.808060,49.99
12:12:28.229547,50.00
12:12:28.405969,49.99
12:12:28.542978,50.00
12:12:40.545443,49.99
12:12:42.639653,50.00
12:12:42.790203,49.99
12:12:42.936890,50.00
12:13:01.087866,49.99
12:13:01.242171,50.00
12:13:01.519877,49.99
12:13:05.880536,50.00
12:13:06.037174,49.99
12:13:06.186003,50.00
12:13:06.328443,49.99
12:13:06.956553,50.00
12:13:07.070348,49.99
12:13:23.286837,49.98
12:13:23.446135,49.99
12:13:23.602518,49.98
12:13:23.894072,49.99
12:13:24.036726,49.98
12:13:27.041228,49.99
12:13:29.291424,49.98
12:13:29.443080,49.99
12:13:29.586595,49.98
12:13:29.746458,49.99
12:13:29.890214,49.98
12:13:30.041693,49.99
12:13:30.183952,49.98
12:13:30.350806,49.99
12:13:30.652827,49.98
12:13:30.790808,49.99
12:13:39.359045,49.98
12:13:50.869238,49.99
12:13:53.731424,49.98
12:13:53.899091,49.99
12:13:54.346562,49.98
12:13:54.505116,49.99
12:13:54.632757,49.98
12:13:54.807038,49.99
12:13:55.072353,49.98
12:13:55.242857,49.99
12:13:55.404006,49.98
12:13:55.535961,49.99
12:13:57.029839,49.98
12:13:57.188373,49.99
12:13:57.498159,49.98
12:14:11.127205,49.99
12:14:11.301087,49.98
12:14:11.431186,49.99
12:14:12.190691,49.98
12:14:12.791423,49.99
12:14:20.303577,49.98
12:14:21.937855,49.99
12:14:22.097745,49.98
12:14:31.991801,49.97
12:14:32.135697,49.98
12:14:32.299480,49.97
12:14:32.732661,49.98
12:14:32.891990,49.97
12:14:33.347628,49.98
12:14:33.506527,49.97
12:14:34.231745,49.98
12:14:34.398292,49.97
12:14:34.533314,49.98
12:14:34.684436,49.97
12:14:34.844103,49.98
12:14:35.755408,49.97
12:14:35.898381,49.98
12:14:37.083913,49.97
12:14:38.279824,49.98
12:14:44.431143,49.99
12:14:45.036066,49.98
12:14:45.197051,49.99
12:14:45.348247,49.98
12:14:48.189020,49.99
12:14:48.332746,49.98
12:14:48.491006,49.99
12:14:49.845395,49.98
12:14:52.980806,49.99
12:14:53.133428,49.98
12:14:53.887905,49.99
12:14:54.640540,49.98
12:14:54.839622,49.99
12:14:54.936015,49.98
12:14:55.112622,49.99
12:14:55.371216,49.98
12:14:55.542903,49.99
12:14:56.009579,49.98
12:14:56.885769,49.99
12:14:57.197489,49.98
12:14:57.484248,49.99
12:14:57.834974,49.98
12:14:57.924953,49.99
12:14:58.104711,49.98
12:14:58.233543,49.99
12:14:58.404453,49.98
12:14:58.561246,49.99
12:14:58.849025,49.98
12:14:59.006241,49.99
12:14:59.433157,49.98
12:14:59.584955,49.99
12:15:03.643532,49.98
12:15:03.794976,49.99
12:15:04.081931,49.98
12:15:10.240612,49.97
12:15:12.926945,49.98
12:15:13.086740,49.97
12:15:13.290207,49.98
12:15:13.549782,49.97
12:15:19.689815,49.96
12:15:19.833692,49.97
12:15:20.009425,49.96
12:15:28.083110,49.95
12:15:28.257807,49.96
12:15:28.400869,49.95
12:15:36.197310,49.96
12:15:36.795356,49.95
12:15:36.938056,49.96
12:15:37.404445,49.95
12:15:37.532672,49.96
12:15:37.706012,49.95
12:15:37.834187,49.96
12:15:51.785865,49.95
12:15:51.943763,49.96
12:15:52.091334,49.95
12:15:52.230348,49.96
12:15:52.392142,49.95
12:15:52.541878,49.96
12:15:52.693129,49.95
12:15:52.829623,49.96
12:15:52.973304,49.95
12:15:55.670826,49.96
12:15:55.845083,49.95
12:15:56.291354,49.96
12:15:56.435096,49.95
12:15:58.272140,49.96
12:16:02.136912,49.95
12:16:17.890354,49.96
12:16:18.045591,49.95
12:16:18.632422,49.96
12:16:18.789690,49.95
12:16:18.933105,49.96
12:16:19.254163,49.95
12:16:19.381673,49.96
12:16:20.131655,49.95
12:16:20.283074,49.96
12:16:20.903497,49.95
12:16:28.838102,49.94
12:16:29.578295,49.95
12:16:29.760095,49.94
12:16:29.881088,49.95
12:16:30.056916,49.94
12:16:30.195976,49.95
12:16:31.390994,49.94
12:16:36.191250,49.93
12:16:53.887294,49.92
12:16:54.054742,49.93
12:16:54.182979,49.92
12:16:54.358587,49.93
12:16:56.437645,49.92
12:16:56.596882,49.93
12:16:57.794374,49.92
12:16:58.109549,49.93
12:16:58.245555,49.92
12:16:58.690306,49.93
12:16:59.150103,49.92
12:16:59.301060,49.93
12:16:59.444389,49.92
12:16:59.604526,49.93
12:17:00.204690,49.92
12:17:00.494219,49.93
12:17:06.347904,49.94
12:17:06.629871,49.93
12:17:06.781913,49.94
12:17:10.983189,49.95
12:17:11.149647,49.94
12:17:11.286612,49.95
12:17:11.461960,49.94
12:17:11.595711,49.95
12:17:13.243994,49.94
12:17:13.403261,49.95
12:17:13.547687,49.94
12:17:13.683988,49.95
12:17:13.843604,49.94
12:17:14.001295,49.95
12:17:14.143254,49.94
12:17:14.279722,49.95
12:17:14.438883,49.94
12:17:14.582557,49.95
12:17:15.653452,49.94
12:17:15.793002,49.95
12:17:16.255917,49.94
12:17:16.382464,49.95
12:17:16.557021,49.94
12:17:18.793559,49.93
12:17:18.954087,49.94
12:17:19.073066,49.93
12:17:19.328969,49.94
12:17:19.393093,49.93
12:17:19.543839,49.94
12:17:19.704042,49.93
12:17:29.283899,49.92
12:17:29.577873,49.93
12:17:34.084517,49.94
12:17:49.975792,49.95
12:17:50.154256,49.94
12:17:53.008494,49.95
12:17:57.214415,49.96
12:17:57.367465,49.95
12:17:57.523570,49.96
12:17:59.290378,49.97
12:17:59.450710,49.96
12:17:59.594149,49.97
12:18:04.538971,49.96
12:18:08.127537,49.97
12:18:08.298718,49.96
12:18:08.592840,49.97
12:18:08.750017,49.96
12:18:08.903955,49.97
12:18:09.343491,49.96
12:18:09.501238,49.97
12:18:10.855080,49.96
12:18:10.982653,49.97
12:18:11.142073,49.96
12:18:11.290210,49.97
12:18:11.431757,49.96
12:18:15.791878,49.97
12:18:15.935428,49.96
12:18:16.079483,49.97
12:18:16.550803,49.96
12:18:18.479594,49.97
12:18:18.639074,49.96
12:18:18.794524,49.97
12:18:21.481048,49.96
12:18:29.010686,49.97
12:18:29.592701,49.96
12:18:29.752462,49.97
12:18:31.683869,49.98
12:18:45.945333,49.97
12:18:46.082942,49.98
12:18:46.258736,49.97
12:18:50.583221,49.98
12:18:53.589442,49.99
12:18:53.749278,49.98
12:18:53.870940,49.99
12:18:54.481314,49.98
12:18:54.646303,49.99
12:19:01.089145,50.00
12:19:03.492819,49.99
12:19:16.263233,49.98
12:19:18.639287,49.97
12:19:18.787958,49.98
12:19:20.581223,49.97
12:19:37.081792,49.98
12:19:39.507514,49.97
12:19:46.841929,49.98
12:19:47.438193,49.97
12:19:55.995865,49.98
12:20:09.343347,49.99
12:20:10.398256,49.98
12:20:10.542694,49.99
12:20:10.678370,49.98
12:20:11.001908,49.99
12:20:11.297783,49.98
12:20:14.136447,49.99
12:20:14.280660,49.98
12:20:14.432875,49.99
12:20:14.592557,49.98
12:20:14.718674,49.99
12:20:14.886853,49.98
12:20:15.046184,49.99
12:20:15.190774,49.98
12:20:34.547563,49.97
12:20:34.691024,49.98
12:20:35.010646,49.97
12:20:35.292058,49.98
12:20:35.443180,49.97
12:20:35.745165,49.98
12:20:38.290714,49.97
12:20:40.094038,49.98
12:20:40.689561,49.97
12:20:40.872338,49.98
12:20:41.286625,49.97
12:20:41.438414,49.98
12:20:46.297272,49.99
12:20:55.841284,49.98
12:20:56.001366,49.99
12:21:09.782505,49.98
12:21:09.958599,49.99
12:21:10.235119,49.98
12:21:10.689619,49.99
12:21:10.865448,49.98
12:21:11.009626,49.99
12:21:11.137761,49.98
12:21:11.297574,49.99
12:21:14.297794,49.98
12:21:16.691928,49.99
12:21:18.495263,49.98
12:21:18.687297,49.99
12:21:18.956194,49.98
12:21:26.730525,49.99
12:21:26.873915,49.98
12:21:27.029579,49.99
12:21:27.186532,49.98
12:21:27.491538,49.99
12:21:27.779212,49.98
12:21:29.744152,49.99
12:21:29.888321,49.98
12:21:30.049146,49.99
12:21:30.182699,49.98
12:21:30.326485,49.99
12:21:55.080433,50.00
12:21:55.239833,49.99
12:21:55.383626,50.00
12:21:55.543767,49.99
12:21:55.710510,50.00
12:21:55.853341,49.99
12:21:55.981072,50.00
12:21:56.132455,49.99
12:21:56.291748,50.00
12:21:56.435374,49.99
12:21:56.595015,50.00
12:21:57.351540,49.99
12:21:57.510379,50.00
12:21:57.638674,49.99
12:21:58.091497,50.00
12:21:58.318933,49.99
12:21:58.386800,50.00
12:22:00.787702,50.01
12:22:00.938708,50.00
12:22:01.388638,50.01
12:22:01.535188,50.00
12:22:01.694604,50.01
12:22:02.305967,50.00
12:22:02.452982,50.01
12:22:02.586497,50.00
12:22:02.890570,50.01
12:22:03.032954,50.00
12:22:03.199441,50.01
12:22:07.543659,50.00
12:22:07.680914,50.01
12:22:07.847817,50.00
12:22:08.007248,50.01
12:22:08.144367,50.00
12:22:08.733525,50.01
12:22:09.647028,50.00
12:22:09.797279,50.01
12:22:09.932417,50.00
12:22:10.091572,50.01
12:22:10.234942,50.00
12:22:16.096513,49.99
12:22:16.296117,50.00
12:22:16.535527,49.99
12:22:16.711558,50.00
12:22:16.831544,49.99
12:22:16.991457,50.00
12:22:17.150784,49.99
12:22:18.655125,50.00
12:22:18.935568,49.99
12:22:19.106802,50.00
12:22:19.234017,49.99
12:22:19.392940,50.00
12:22:19.559672,49.99
12:22:25.830248,49.98
12:22:26.596745,49.99
12:22:29.581104,49.98
12:22:29.741248,49.99
12:22:36.325844,50.00
12:22:36.482844,49.99
12:22:36.658741,50.00
12:22:36.786237,49.99
12:22:36.954491,50.00
12:22:48.780146,50.01
12:22:48.955361,50.00
12:22:49.099950,50.01
12:22:49.250116,50.00
12:22:49.410270,50.01
12:22:49.553391,50.00
12:22:49.704446,50.01
12:22:49.832044,50.00
12:22:50.000268,50.01
12:22:50.133280,50.00
12:22:51.205936,50.01
12:23:00.789650,50.02
12:23:04.242680,50.01
12:23:13.086664,50.02
12:23:18.194683,50.03
12:23:18.330410,50.02
12:23:18.815145,50.03
12:23:18.943902,50.02
12:23:19.096389,50.03
12:23:19.335500,50.02
12:23:19.366965,50.03
12:23:19.557838,50.02
12:23:24.337088,50.01
12:23:30.333947,50.00
12:23:30.475580,50.01
12:23:30.940820,50.00
12:23:31.108934,50.01
12:23:40.086557,50.02
12:23:40.246241,50.01
12:23:40.406273,50.02
12:23:46.294049,50.01
12:23:46.381108,50.02
12:23:46.557376,50.01
12:23:51.933099,50.00
12:23:52.076234,50.01
12:23:52.247419,50.00
12:23:52.404459,50.01
12:23:52.531804,50.00
12:23:52.848907,50.01
12:24:00.807696,50.02
12:24:00.951859,50.01
12:24:01.079818,50.02
12:24:01.238804,50.01
12:24:01.381152,50.02
12:24:01.555970,50.01
12:24:01.700781,50.02
12:24:05.439063,50.01
12:24:05.582613,50.02
12:24:05.758135,50.01
12:24:09.043462,50.00
12:24:09.204683,50.01
12:24:09.651956,50.00
12:24:09.786832,50.01
12:24:10.240910,50.00
12:24:10.400579,50.01
12:24:10.847901,50.00
12:24:10.995606,50.01
12:24:11.155783,50.00
12:24:11.291365,50.01
12:24:12.339477,50.00
12:24:12.482940,50.01
12:24:12.657838,50.00
12:24:12.784766,50.01
12:24:12.951261,50.00
12:24:13.690429,50.01
12:24:13.865655,50.00
12:24:14.457448,50.01
12:24:18.507887,50.02
12:24:24.184288,50.03
12:24:24.359937,50.02
12:24:24.503592,50.03
12:24:24.655640,50.02
12:24:24.783014,50.03
12:24:25.239221,50.02
12:24:25.398168,50.03
12:24:25.677867,50.02
12:24:25.850547,50.03
12:24:29.754731,50.02
12:24:29.903346,50.03
12:24:30.653700,50.02
12:24:30.948678,50.03
12:24:31.093161,50.02
12:24:31.409158,50.03
12:24:31.530050,50.02
12:24:31.702275,50.03
12:24:32.123478,50.02
12:24:32.450449,50.03
12:24:34.529146,50.02
12:24:34.840599,50.03
12:24:35.001048,50.02
12:24:36.499801,50.03
12:24:41.441090,50.02
12:24:41.734024,50.03
12:24:41.909981,50.02
12:24:42.037957,50.03
12:24:42.196829,50.02
12:24:42.652723,50.03
12:24:46.666172,50.04
12:24:46.830832,50.03
12:24:47.000520,50.04
12:24:50.439700,50.03
12:24:50.907769,50.04
12:24:53.431160,50.03
12:24:59.725020,50.02
12:25:00.026661,50.03
12:25:00.330438,50.02
12:25:00.506372,50.03
12:25:00.936962,50.02
12:25:01.087209,50.03
12:25:02.283132,50.02
12:25:02.441271,50.03
12:25:02.729152,50.02
12:25:05.289527,50.03
12:25:05.458617,50.02
12:25:05.602599,50.03
12:25:05.740134,50.02
12:25:05.897164,50.03
12:25:09.786340,50.04
12:25:12.649251,50.03
12:25:12.945431,50.04
12:25:13.087597,50.03
12:25:17.737777,50.02
12:25:17.896892,50.03
12:25:18.337694,50.02
12:25:29.121020,50.03
12:25:29.280851,50.02
12:25:29.734499,50.03
12:25:30.039175,50.02
12:25:30.206230,50.03
12:25:30.333486,50.02
12:25:30.477263,50.03
12:25:37.247510,50.02
12:25:37.394619,50.03
12:25:38.458871,50.02
12:25:42.344283,50.03
12:25:42.479327,50.02
12:25:43.331556,50.03
12:25:44.144926,50.02
12:25:44.288955,50.03
12:25:45.354291,50.02
12:25:48.495502,50.03
12:26:04.838542,50.02
12:26:04.996031,50.03
12:26:05.157584,50.02
12:26:05.308896,50.03
12:26:05.451909,50.02
12:26:05.580385,50.03
12:26:05.747087,50.02
12:26:05.919359,50.03
12:26:06.793148,50.02
12:26:17.437739,50.01
12:26:17.597561,50.02
12:26:17.757481,50.01
12:26:31.088019,50.02
12:26:31.248101,50.01
12:26:31.541809,50.02
12:26:31.700940,50.01
12:26:31.850354,50.02
12:26:33.945580,50.01
12:26:35.749121,50.02
12:26:35.908769,50.01
12:26:36.058522,50.02
12:26:38.892212,50.01
12:26:39.186979,50.02
12:26:39.330477,50.01
12:26:41.900011,50.02
12:26:42.036720,50.01
12:26:53.289786,50.02
12:26:53.904441,50.01
12:26:54.040495,50.02
12:27:05.001527,50.01
12:27:07.987597,50.02
12:27:08.443571,50.01
12:27:08.603431,50.02
12:27:08.746645,50.01
12:27:31.836076,50.00
12:27:31.995948,50.01
12:27:32.292212,50.00
12:27:33.201115,50.01
12:27:33.360669,50.00
12:27:34.084382,50.01
12:27:34.237520,50.00
12:27:34.409377,50.01
12:27:35.292777,50.00
12:27:35.591190,50.01
12:27:35.734441,50.00
12:27:36.490431,50.01
12:27:36.633928,50.00
12:27:36.809071,50.01
12:27:36.936063,50.00
12:27:37.099049,50.01
12:27:37.382782,50.00
12:27:37.835371,50.01
12:27:43.387976,50.02
12:27:45.335607,50.01
12:27:45.479355,50.02
12:27:45.629326,50.01
12:27:46.992944,50.02
12:27:49.542130,50.01
12:27:51.339570,50.02
12:27:51.941537,50.01
12:27:52.102610,50.02
12:27:52.242390,50.01
12:28:02.142475,50.02
12:28:02.286284,50.01
12:28:03.787176,50.02
12:28:03.964024,50.01
12:28:04.382396,50.02
12:28:06.340557,50.01
12:28:06.499988,50.02
12:28:06.635035,50.01
12:28:06.810809,50.02
12:28:06.944003,50.01
12:28:07.102475,50.02
12:28:07.294113,50.01
12:28:14.594268,50.02
12:28:14.737920,50.01
12:28:15.179189,50.02
12:28:15.355849,50.01
12:28:15.481298,50.02
12:28:15.664197,50.01
12:28:16.111106,50.02
12:28:16.408609,50.01
12:28:16.697773,50.02
12:28:16.857705,50.01
12:28:16.999228,50.02
12:28:17.128905,50.01
12:28:18.029128,50.02
12:28:19.231978,50.01
12:28:19.558431,50.02
12:28:19.692786,50.01
12:28:21.802752,50.02
12:28:21.945256,50.01
12:28:22.100480,50.02
12:28:25.558614,50.01
12:28:25.984001,50.02
12:28:26.212640,50.01
12:28:35.615893,50.02
12:28:36.050108,50.01
12:28:39.191402,50.02
12:28:39.334773,50.01
12:28:41.897034,50.02
12:28:42.046246,50.01
12:28:42.198102,50.02
12:28:42.341104,50.01
12:28:42.501696,50.02
12:28:42.644722,50.01
12:28:42.780307,50.02
12:28:50.134474,50.01
12:28:50.310287,50.02
12:28:50.589074,50.01
12:28:58.389763,50.02
12:28:58.556586,50.01
12:28:58.699731,50.02
12:28:59.147488,50.01
12:28:59.585969,50.02
12:29:00.355667,50.01
12:29:00.499040,50.02
12:29:00.655239,50.01
12:29:01.081266,50.02
12:29:01.321040,50.01
12:29:01.529619,50.02
12:29:14.440739,50.01
12:29:14.600952,50.02
12:29:15.040694,50.01
12:29:25.673138,50.02
12:29:25.842104,50.01
12:29:26.297971,50.02
12:29:26.602411,50.01
12:29:26.744243,50.02
12:29:26.880654,50.01
12:29:33.804976,50.00
12:29:42.186041,50.01
12:29:42.358881,50.00
12:29:42.501978,50.01
12:29:42.639060,50.00
12:29:47.584378,50.01
12:29:47.743631,50.00
12:29:47.900968,50.01
12:29:48.178799,50.00
12:29:48.506308,50.01
12:29:48.649745,50.00
12:29:48.803549,50.01
12:29:48.934226,50.00
12:29:49.149897,50.01
12:29:49.246197,50.00
12:29:49.710410,50.01
12:29:49.981273,50.00
12:29:50.156386,50.01
12:29:50.283932,50.00
12:29:50.452422,50.01
12:29:53.444709,50.00
12:29:53.747159,50.01
12:29:54.185251,50.00
12:29:54.503521,50.01
12:29:54.647046,50.00
12:29:59.443651,49.99
12:29:59.731797,50.00
12:30:02.130500,49.99
12:30:03.921902,49.98
12:30:06.053006,49.97
12:30:08.154343,49.96
12:30:12.498840,49.95
12:30:12.656602,49.96
12:30:12.787657,49.95
12:30:12.931553,49.96
12:30:13.106747,49.95
12:30:22.087622,49.96
12:30:22.268889,49.95
12:30:22.380595,49.96
12:30:28.844025,49.97
12:30:29.003801,49.96
12:30:31.699274,49.97
12:30:31.850118,49.96
12:30:32.010555,49.97
12:30:51.644661,49.96
12:30:59.443542,49.95
12:30:59.586678,49.96
12:31:01.239523,49.95
12:31:01.378961,49.96
12:31:01.688790,49.95
12:31:02.430982,49.96
12:31:02.581340,49.95
12:31:02.885341,49.96
12:31:07.992940,49.97
12:31:08.135949,49.96
12:31:08.448044,49.97
12:31:08.736640,49.96
12:31:11.912188,49.95
12:31:12.036793,49.96
12:31:12.203721,49.95
12:31:12.348179,49.96
12:31:13.537106,49.95
12:31:13.858178,49.96
12:31:13.985304,49.95
12:31:14.437247,49.96
12:31:26.736828,49.97
12:31:40.245285,49.96
12:31:40.389007,49.97
12:31:40.532816,49.96
12:31:40.708098,49.97
12:31:40.834625,49.96
12:31:40.977814,49.97
12:31:41.137463,49.96
12:31:41.289624,49.97
12:31:41.593009,49.96
12:31:41.900688,49.97
12:31:42.654942,49.96
12:31:42.804184,49.97
12:31:43.082693,49.96
12:31:49.700023,49.97
12:32:00.029861,49.98
12:32:00.188400,49.97
12:32:00.355757,49.98
12:32:00.499044,49.97
12:32:00.626807,49.98
12:32:00.786427,49.97
12:32:09.333100,49.96
12:32:12.325339,49.97
12:32:14.604745,49.96
12:32:16.990707,49.97
12:32:18.354869,49.96
12:32:18.499815,49.97
12:32:18.659686,49.96
12:32:18.786771,49.97
12:32:18.954987,49.96
12:32:19.083329,49.97
12:32:19.323777,49.96
12:32:21.179874,49.97
12:32:21.355357,49.96
12:32:21.496334,49.97
12:32:23.004072,49.96
12:32:23.139664,49.97
12:32:23.283187,49.96
12:32:34.971235,49.97
12:32:35.158400,49.96
12:32:35.292896,49.97
12:32:35.596797,49.96
12:32:35.757109,49.97
12:32:36.195844,49.96
12:32:36.347605,49.97
12:32:36.507066,49.96
12:32:42.183468,49.95
12:32:42.503161,49.96
12:32:42.646345,49.95
12:32:55.692249,49.96
12:33:00.935461,49.97
12:33:10.094440,49.96
12:33:10.243414,49.97
12:33:10.404969,49.96
12:33:10.985689,49.97
12:33:11.453796,49.96
12:33:11.894266,49.97
12:33:12.038183,49.96
12:33:12.198396,49.97
12:33:12.509733,49.96
12:33:12.653299,49.97
12:33:13.111494,49.96
12:33:13.393643,49.97
12:33:13.553822,49.96
12:33:14.000223,49.97
12:33:14.159093,49.96
12:33:16.982549,49.97
12:33:17.150291,49.96
12:33:17.593517,49.97
12:33:18.934997,49.96
12:33:19.109959,49.97
12:33:19.533012,49.96
12:33:19.683485,49.97
12:33:19.836391,49.96
12:33:19.992522,49.97
12:33:20.136541,49.96
12:33:21.650600,49.97
12:33:28.839216,49.96
12:33:28.981116,49.97
12:33:29.157203,49.96
12:33:45.192627,49.97
12:33:45.357663,49.96
12:33:45.644360,49.97
12:33:48.789183,49.96
12:33:49.100570,49.97
12:33:49.331219,49.96
12:33:49.706136,49.97
12:33:51.190310,49.96
12:34:00.934803,49.97
12:34:02.137663,49.96
12:34:05.292085,49.97
12:34:05.458810,49.96
12:34:05.602889,49.97
12:34:05.730371,49.96
12:34:05.907996,49.97
12:34:06.478862,49.96
12:34:20.883298,49.97
12:34:30.779864,49.98
12:34:30.947841,49.97
12:34:31.091923,49.98
12:34:48.616700,49.99
12:34:52.998602,50.00
12:34:53.432892,49.99
12:34:53.577013,50.00
12:34:55.533287,49.99
12:34:55.692759,50.00
12:35:01.392802,50.01
12:35:02.283248,50.00
12:35:02.442465,50.01
12:35:08.719629,50.00
12:35:08.889706,50.01
12:35:11.134590,50.00
12:35:17.895892,49.99
12:35:18.040700,50.00
12:35:18.488717,49.99
12:35:18.700735,50.00
12:35:19.556231,49.99
12:35:19.691044,50.00
12:35:19.850718,49.99
12:35:19.977408,50.00
12:35:20.127179,49.99
12:35:20.445264,50.00
12:35:20.605113,49.99
12:35:21.058934,50.00
12:35:21.336846,49.99
12:35:27.928674,50.00
12:35:28.103769,49.99
12:35:28.289773,50.00
12:35:28.534257,49.99
12:35:29.143134,50.00
12:35:29.345558,49.99
12:35:45.794173,50.00
12:35:45.954467,49.99
12:35:46.114884,50.00
12:35:52.095134,50.01
12:35:58.980995,50.02
12:35:59.202427,50.01
12:36:16.838375,50.00
12:36:16.983083,50.01
12:36:17.159227,50.00
12:36:18.937945,50.01
12:36:19.233544,50.00
12:36:19.391355,50.01
12:36:19.533632,50.00
12:36:19.708424,50.01
12:36:19.851432,50.00
12:36:24.622011,49.99
12:36:24.813439,50.00
12:36:24.956905,49.99
12:36:25.394882,50.00
12:36:25.538674,49.99
12:36:26.286388,50.00
12:36:26.447645,49.99
12:36:26.592344,50.00
12:36:26.745100,49.99
12:36:26.900919,50.00
12:36:27.192962,49.99
12:36:28.680326,50.00
12:36:28.827552,49.99
12:36:29.002642,50.00
12:36:30.931143,49.99
12:36:31.103712,50.00
12:36:36.339499,50.01
12:36:59.590699,50.02
12:37:05.604763,50.01
12:37:05.907906,50.02
12:37:06.051602,50.01
12:37:08.287439,50.02
12:37:08.431401,50.01
12:37:08.609269,50.02
12:37:08.752088,50.01
12:37:08.900517,50.02
12:37:10.258717,50.01
12:37:10.394453,50.02
12:37:10.554441,50.01
12:37:10.682762,50.02
12:37:10.857547,50.01
12:37:11.007653,50.02
12:37:11.167316,50.01
12:37:12.035346,50.02
12:37:12.338677,50.01
12:37:12.473943,50.02
12:37:18.336310,50.01
12:37:18.781067,50.02
12:37:18.964694,50.01
12:37:19.092597,50.02
12:37:26.428607,50.01
12:37:26.588275,50.02
12:37:33.036409,50.03
12:37:45.344611,50.02
12:37:45.637255,50.03
12:37:46.251019,50.02
12:37:46.391332,50.03
12:37:48.330664,50.02
12:37:48.507679,50.03
12:37:48.659162,50.02
12:37:59.886101,50.03
12:38:00.045645,50.02
12:38:14.727020,50.03
12:38:14.887335,50.02
12:38:15.038680,50.03
12:38:15.338820,50.02
12:38:15.482655,50.03
12:38:15.778874,50.02
12:38:16.677756,50.03
12:38:20.752331,50.02
12:38:24.508957,50.01
12:38:24.636852,50.02
12:38:25.236646,50.01
12:38:28.992210,50.02
12:38:29.119006,50.01
12:38:29.606364,50.02
12:38:29.749876,50.01
12:38:31.113613,50.02
12:38:31.240866,50.01
12:38:31.383938,50.02
12:38:31.559104,50.01
12:38:32.279674,50.02
12:38:32.432698,50.01
12:38:32.600049,50.02
12:38:46.693895,50.03
12:38:46.846953,50.02
12:38:46.991089,50.03
12:38:47.444843,50.02
12:38:47.588429,50.03
12:38:48.191290,50.02
12:38:48.351061,50.03
12:39:06.195320,50.02
12:39:10.541176,50.03
12:39:10.701777,50.02
12:39:11.149731,50.03
12:39:11.445330,50.02
12:39:11.605215,50.03
12:39:12.180867,50.02
12:39:13.998179,50.03
12:39:14.156891,50.02
12:39:26.749702,50.01
12:39:26.878463,50.02
12:39:27.347910,50.01
12:39:30.634335,50.02
12:39:30.800952,50.01
12:39:30.945053,50.02
12:39:31.105367,50.01
12:39:31.296187,50.02
12:39:31.552522,50.01
12:39:31.687201,50.02
12:39:31.835376,50.01
12:39:32.736901,50.02
12:39:32.880734,50.01
12:39:33.335251,50.02
12:39:33.502463,50.01
12:39:39.513373,50.00
12:39:42.197254,49.99
12:39:42.357347,50.00
12:39:42.489272,49.99
12:39:42.648341,50.00
12:39:42.952627,49.99
12:39:43.086909,50.00
12:39:43.262332,49.99
12:39:43.557274,50.00
12:39:43.843213,49.99
12:39:46.532272,50.00
12:39:47.746099,49.99
12:39:47.901846,50.00
12:39:48.204843,49.99
12:39:48.356102,50.00
12:39:48.642173,49.99
12:39:48.770363,50.00
12:39:48.934279,49.99
12:39:49.836823,50.00
12:39:50.146585,49.99
12:39:50.306570,50.00
12:39:54.341445,50.01
12:40:26.883822,50.02
12:40:27.027427,50.01
12:40:30.038471,50.02
12:40:30.343469,50.01
12:40:30.502078,50.02
12:40:31.393094,50.01
12:40:31.541969,50.02
12:40:31.701817,50.01
12:40:31.847677,50.02
12:40:31.978780,50.01
12:40:32.154250,50.02
12:40:32.441891,50.01
12:40:33.932462,50.02
12:40:34.116075,50.01
12:40:34.291531,50.02
12:40:34.404792,50.01
12:40:35.009342,50.02
12:40:35.153658,50.01
12:40:35.458533,50.02
12:40:35.593049,50.01
12:40:35.758585,50.02
12:40:35.902601,50.01
12:40:36.053561,50.02
12:40:36.181587,50.01
12:40:36.357097,50.02
12:40:36.484359,50.01
12:40:36.634811,50.02
12:40:36.956355,50.01
12:40:37.108099,50.02
12:40:37.251677,50.01
12:40:37.378924,50.02
12:40:40.681962,50.01
12:40:40.849396,50.02
12:41:00.642023,50.03
12:41:01.407533,50.02
12:41:01.558937,50.03
12:41:01.686820,50.02
12:41:01.847107,50.03
12:41:02.287050,50.02
12:41:05.162822,50.03
12:41:05.306132,50.02
12:41:07.255998,50.01
12:41:07.389697,50.02
12:41:08.000932,50.01
12:41:08.128150,50.02
12:41:08.307648,50.01
12:41:15.183982,50.00
12:41:15.343048,50.01
12:41:15.486849,50.00
12:41:16.991123,50.01
12:41:17.149160,50.00
12:41:18.506757,50.01
12:41:18.649027,50.00
12:41:18.957935,50.01
12:41:19.109150,50.00
12:41:20.903378,50.01
12:41:26.001326,50.02
12:41:27.190486,50.01
12:41:27.333930,50.02
12:41:28.842304,50.01
12:41:29.132449,50.02
12:41:29.285044,50.01
12:41:29.445591,50.02
12:41:29.603670,50.01
12:41:43.542157,50.02
12:41:51.794255,50.01
12:41:52.097586,50.02
12:41:52.240818,50.01
12:41:57.808203,50.02
12:41:58.096267,50.01
12:41:58.256468,50.02
12:42:05.875252,50.03
12:42:06.046329,50.02
12:42:07.087227,50.03
12:42:12.482758,50.04
12:42:12.658899,50.03
12:42:12.802462,50.04
12:42:13.709981,50.03
12:42:13.853632,50.04
12:42:19.677604,50.03
12:42:19.856090,50.04
12:42:20.041574,50.03
12:42:24.187206,50.02
12:42:37.840594,50.03
12:42:37.992695,50.02
12:42:38.151870,50.03
12:42:38.296294,50.02
12:42:38.455123,50.03
12:42:38.582825,50.02
12:42:38.756868,50.03
12:42:40.105935,50.02
12:42:41.902742,50.03
12:42:42.046285,50.02
12:42:42.634400,50.03
12:42:54.789068,50.02
12:42:55.102723,50.03
12:42:55.398346,50.02
12:42:55.558216,50.03
12:43:18.783537,50.04
12:43:34.281417,50.03
12:43:34.400153,50.04
12:43:34.549705,50.03
12:43:34.842744,50.04
12:43:35.004332,50.03
12:43:52.693753,50.04
12:43:56.580738,50.03
12:43:56.740830,50.04
12:43:56.900507,50.03
12:43:57.782202,50.04
12:43:58.087707,50.03
12:43:58.831251,50.04
12:43:59.014405,50.03
12:43:59.750389,50.04
12:43:59.886826,50.03
12:44:02.885658,50.04
12:44:03.202100,50.03
12:44:03.345157,50.04
12:44:18.950144,50.03
12:44:19.092160,50.04
12:44:19.304089,50.03
12:44:19.392880,50.04
12:44:19.544337,50.03
12:44:20.000731,50.04
12:44:20.453806,50.03
12:44:20.597211,50.04
12:44:21.357781,50.03
12:44:21.501418,50.04
12:44:21.645208,50.03
12:44:34.109347,50.04
12:44:34.397254,50.03
12:44:34.530224,50.04
12:44:34.689893,50.03
12:44:35.005401,50.04
12:44:39.181699,50.03
12:44:39.502678,50.04
12:44:39.651673,50.03
12:44:48.034096,50.02
12:44:50.602534,50.03
12:44:52.852176,50.02
12:44:52.979500,50.03
12:44:53.153291,50.02
12:44:53.303549,50.03
12:44:53.602084,50.02
12:44:53.902769,50.03
12:44:55.551768,50.02
12:44:55.695104,50.03
12:44:56.445319,50.02
12:45:04.842370,50.01
12:45:05.002675,50.02
12:45:05.145631,50.01
12:45:07.709212,50.02
12:45:09.038224,50.01
12:45:22.085456,50.00
12:45:22.704281,50.01
12:45:22.858600,50.00
12:45:23.586730,50.01
12:45:23.765054,50.00
12:45:23.906925,50.01
12:45:24.034662,50.00
12:45:24.793294,50.01
12:45:28.994620,50.02
12:45:29.297104,50.01
12:45:30.799614,50.02
12:45:30.933005,50.01
12:45:31.072964,50.02
12:45:43.990486,50.01
12:45:44.292082,50.02
12:45:45.027696,50.01
12:45:46.386554,50.02
12:45:46.544319,50.01
12:46:04.830090,50.00
12:46:04.988347,50.01
12:46:05.583091,50.00
12:46:05.738247,50.01
12:46:05.885443,50.00
12:46:34.432880,50.01
12:46:34.525467,50.00
12:46:34.735542,50.01
12:46:35.275724,50.00
12:46:35.618701,50.01
12:46:35.728717,50.00
12:46:41.289106,50.01
12:46:41.441629,50.00
12:46:41.598218,50.01
12:46:42.036201,50.00
12:46:42.333756,50.01
12:46:42.486208,50.00
12:46:42.635307,50.01
12:46:42.934392,50.00
12:46:43.086730,50.01
12:46:43.323547,50.00
12:46:43.382463,50.01
12:46:43.989929,50.00
12:46:45.482060,50.01
12:46:47.439722,50.00
12:46:47.572963,50.01
12:46:47.724790,50.00
12:46:55.684669,50.01
12:46:55.974381,50.00
12:46:56.287275,50.01
12:46:58.239940,50.00
12:46:58.395366,50.01
12:47:01.695685,50.00
12:47:01.823853,50.01
12:47:01.971703,50.00
12:47:02.433695,50.01
12:47:07.844255,50.02
12:47:07.974069,50.01
